LoanApproved,Age,EducationLevel,Income
1,37,2,112082
1,25,0,138122
1,20,3,120304
1,55,3,117455
1,61,2,110218
0,26,2,99429
0,61,4,69091
0,72,2,42952
0,,4,25025
0,,0,90207
0,,1,50444
0,,2,24752
0,,1,41113
1,58,0,80081
1,31,2,88073
1,51,1,101794
0,33,2,97778
1,44,4,100318
1,36,3,74826
1,69,0,34130
0,29,2,92848
1,79,3,38941
1,77,1,145496
0,36,2,54406
1,29,1,28767
1,76,0,59173
0,70,1,24615
1,61,4,131942
1,43,1,137913
1,21,1,48330
1,26,3,148225
1,27,2,104540
0,52,2,66059
0,51,1,42757
1,43,1,81480
1,33,3,117026
0,66,1,107334
1,64,3,106039
1,76,2,109775
0,58,4,86355
1,36,2,58147
1,45,3,62208
0,40,4,101652
1,79,3,90095
0,77,4,36588
1,73,3,125313
1,23,0,137154
0,42,4,36300
1,66,2,142075
0,46,0,90053
0,33,0,77930
1,50,1,103980
0,20,1,37002
1,52,0,148350
1,31,2,122001
0,71,1,98988
1,76,2,39986
1,25,2,126322
0,26,3,58917
1,55,3,36137
1,37,0,131074
1,34,3,86909
1,61,1,44809
1,38,2,146825
1,57,3,20599
0,76,1,20417
0,72,1,55311
1,68,2,69342
1,73,2,118952
0,67,4,43895
0,65,3,25088
1,55,1,146846
1,73,2,95625
1,27,0,57497
0,70,3,62776
1,19,1,79943
1,36,1,29299
1,18,0,85212
1,54,0,40299
1,35,2,148700
0,55,2,24481
1,41,2,100170
1,75,1,91826
1,63,3,149026
1,59,3,22171
1,26,3,34942
1,77,2,111305
1,53,2,108896
0,34,2,29781
1,73,3,129307
1,26,3,143688
0,63,4,128354
1,21,0,74129
1,56,2,116060
0,23,0,46611
0,66,3,62787
0,25,2,144635
1,34,4,80029
1,69,3,46002
0,38,1,26010
1,40,2,86111
1,40,2,147036
1,60,1,125633
1,45,4,145198
0,35,2,50634
1,28,4,64962
0,73,1,143723
0,30,1,55368
1,18,4,112573
1,59,4,95497
0,74,0,138380
1,80,4,112321
0,76,0,25727
1,41,2,73475
1,58,2,72887
1,60,2,80199
1,53,4,61692
0,57,4,57180
1,72,2,40404
1,42,0,131292
0,19,2,23494
1,46,0,131706
0,79,0,106735
0,78,2,139077
0,42,0,47040
1,63,3,51456
1,23,3,52660
1,42,1,70888
0,74,0,80146
1,44,3,104668
1,59,3,47943
1,66,2,98362
1,23,3,94374
0,56,2,51990
1,31,0,34116
1,64,4,109019
1,69,2,148966
0,74,2,79133
0,18,4,53856
0,69,4,139524
0,27,2,140743
1,67,4,42775
0,52,4,20552
1,28,0,52232
0,40,2,125592
1,49,3,122287
0,23,0,141252
1,77,2,44310
1,78,1,100760
1,21,0,41059
1,63,4,136357
0,80,2,66081
1,41,2,100761
1,37,3,108306
0,29,3,36579
1,78,2,70903
0,73,0,35412
1,34,3,108142
1,68,3,62598
1,44,1,110320
1,56,4,29315
0,76,4,124413
1,42,0,90050
0,57,2,96092
1,47,0,146426
1,19,3,71811
1,68,3,98248
0,71,0,34972
1,42,0,141486
0,47,3,97231
1,35,1,35734
1,80,3,63240
1,27,2,146847
1,64,3,50840
1,70,1,136252
0,49,0,55735
0,38,2,31671
1,27,1,57716
0,78,1,85647
1,18,1,136927
0,74,3,98799
1,80,0,88722
1,23,4,24914
1,62,1,51875
1,61,3,98626
1,78,0,143319
0,65,2,57436
1,30,2,39545
0,74,2,97885
1,70,4,111481
0,56,0,81747
1,59,0,64863
1,49,4,142445
0,38,3,27499
0,49,1,77511
0,20,3,32348
1,60,1,147937
0,80,2,24364
0,79,3,23867
1,58,1,98697
1,65,2,105164
0,66,4,95793
1,59,1,74663
0,21,4,56464
1,49,3,73000
1,46,1,125833
1,37,2,123048
1,55,1,77961
1,80,4,111761
0,76,2,49650
1,50,3,70897
1,23,3,94765
0,29,4,38636
0,33,4,126777
1,51,4,56414
1,49,0,131258
0,50,4,30152
1,56,1,121541
1,35,1,149124
0,74,2,134124
1,31,4,139331
1,19,1,128243
1,32,3,58904
0,78,0,89891
1,37,3,21097
0,73,2,36390
0,27,1,99429
1,59,1,96074
0,80,0,127603
0,25,1,33779
0,47,0,68096
1,32,4,137368
0,75,1,134497
1,37,2,57607
1,21,3,53776
0,77,1,67792
1,33,1,87237
0,76,4,97605
1,32,1,106751
1,78,4,130417
1,38,3,113255
0,54,1,99567
0,21,4,72592
1,72,1,24971
0,45,4,48372
0,75,0,100394
1,50,0,90364
1,80,4,132460
0,77,3,51462
0,66,2,139882
0,22,4,23364
0,64,3,47676
1,25,3,124457
1,70,0,102124
0,71,2,87613
1,78,4,137354
1,25,0,71208
0,39,1,90347
0,43,2,137411
1,41,4,53315
0,35,4,123142
1,75,3,114252
1,47,2,54948
0,44,2,98775
1,31,0,104208
1,43,3,27223
1,21,4,40541
0,65,2,128243
0,70,0,79682
1,28,3,142620
1,72,2,143016
0,25,0,72904
1,46,0,136234
0,62,1,94296
1,60,3,136544
0,71,1,112845
0,47,0,91813
1,45,1,37330
1,55,0,61088
1,69,1,145475
1,18,0,109097
1,25,0,91147
1,41,2,115989
1,46,3,141694
1,31,1,100696
1,21,1,66195
0,42,1,27652
1,53,2,128203
1,23,3,127660
0,70,4,122397
1,63,4,101455
1,53,3,41521
1,48,3,140971
0,74,3,43468
1,69,2,89740
1,21,3,107233
1,22,1,60411
0,40,2,47371
0,68,0,47527
0,36,0,29707
0,78,0,65980
1,30,2,146395
1,18,0,119977
1,58,4,96536
1,52,0,97351
0,33,0,39701
1,38,1,76136
1,78,1,24374
0,37,2,85863
1,69,1,109661
0,55,0,97808
1,33,3,55886
1,31,2,131666
1,50,2,71317
1,51,4,92053
0,53,3,57868
1,74,1,142245
0,19,0,126849
0,44,2,83717
1,43,0,90177
1,28,0,130869
1,22,3,143827
1,34,2,68036
1,50,3,74870
0,62,3,68867
1,49,4,142388
1,73,0,136411
1,73,1,76460
1,31,3,129995
1,70,4,97812
1,23,4,40579
0,69,1,95057
0,40,1,29001
0,33,4,20199
1,66,4,70186
1,24,1,120163
1,79,3,100881
1,42,3,103700
0,19,3,91718
1,59,1,30870
1,55,3,121950
0,25,2,139396
0,80,4,48437
1,32,4,100866
1,69,3,60633
1,73,3,89231
1,76,2,123823
1,59,0,122517
0,79,0,95163
1,44,1,133820
0,56,3,143362
0,28,2,61819
1,25,2,63272
0,30,0,74097
1,76,0,132521
1,58,1,72507
1,23,1,75911
0,18,0,113045
0,71,2,58486
1,62,2,101514
0,47,4,48989
0,34,2,109319
1,31,2,115062
1,19,0,144778
1,38,1,133948
1,29,2,114159
1,53,3,26227
0,75,2,47930
1,61,2,118751
1,38,0,83213
0,64,4,37864
1,28,0,97665
1,47,2,99360
0,41,1,32414
1,66,4,147833
1,59,0,76402
1,57,4,115416
0,40,1,110134
0,76,3,30953
0,25,1,143187
1,66,2,41119
0,19,4,68882
0,76,0,144670
1,32,3,116463
1,62,1,94114
1,74,4,68824
1,19,3,69862
1,80,0,116531
0,25,2,24316
1,19,3,44438
0,39,2,30614
0,77,0,82924
0,77,3,133479
1,68,1,110345
1,38,3,147188
1,55,3,125529
0,58,2,28160
0,25,0,108686
1,57,1,125134
1,52,4,77797
1,47,2,108090
0,21,4,26091
0,48,3,60613
1,27,2,77757
0,33,1,58229
0,52,0,53638
1,26,0,39979
1,32,0,123108
1,54,3,93583
0,24,0,113571
0,68,2,51812
0,60,0,113762
0,21,2,143768
1,78,0,118957
0,43,4,33284
0,27,2,101429
1,18,1,149266
1,66,3,116279
0,45,3,28894
1,20,1,27525
1,35,2,121729
1,76,0,136581
1,47,2,113781
1,60,3,133510
1,25,0,33597
0,53,2,148290
0,45,0,25494
0,42,0,44785
1,53,4,60214
1,60,4,83772
0,47,2,60177
1,63,4,98630
1,30,1,87389
1,59,1,103367
0,67,0,120968
1,78,4,96048
1,19,3,130818
0,39,0,26389
1,25,3,61771
1,32,3,49750
1,21,0,142582
0,37,2,93536
1,50,3,133278
0,72,3,100946
0,34,2,59236
1,53,3,22805
1,75,3,92169
1,80,0,94912
1,59,0,25123
0,26,3,35089
0,21,4,90424
1,37,0,106651
1,31,2,97456
1,71,0,149488
1,41,3,118779
1,50,1,135098
0,22,1,43846
0,26,2,141165
0,33,0,84694
1,33,1,49181
1,78,1,117027
0,19,3,87666
1,67,2,28914
1,47,4,51568
1,42,3,110677
1,71,2,90823
1,69,0,21651
0,20,3,27880
1,78,4,78821
0,77,3,45754
1,55,0,116907
0,19,3,81136
1,68,4,60712
1,62,0,72590
0,31,2,96718
1,69,4,64844
1,27,1,86165
1,75,1,74106
1,72,1,108022
1,42,0,143279
0,34,0,46678
1,79,4,136275
1,18,3,107053
0,74,3,143747
1,80,4,104979
1,44,3,38694
1,47,3,36445
0,62,0,64977
1,21,4,125583
1,66,3,108478
1,76,2,64831
1,50,4,95214
1,51,2,137123
0,39,3,136996
1,51,1,82345
1,49,4,26349
0,40,3,24597
1,67,0,97921
1,20,3,52072
1,67,4,90300
1,63,3,56421
1,72,1,135917
0,23,4,49857
0,80,3,138052
0,80,1,82203
0,26,2,38292
1,56,4,48838
0,33,0,94641
1,55,2,123791
0,28,3,65995
0,58,4,99974
1,70,1,93296
1,77,3,88548
1,39,0,118524
1,43,2,71402
1,75,3,32636
1,46,2,140795
0,56,4,97495
0,76,4,31216
1,71,2,26086
1,55,0,114928
0,80,0,46156
1,39,2,117834
0,26,3,39608
1,40,1,86658
1,37,4,149309
1,31,0,143444
0,26,1,76153
0,78,2,35687
1,42,3,103706
1,60,2,39355
0,18,4,82926
1,32,2,44825
1,26,4,130615
0,57,3,42739
1,60,4,58778
1,46,1,143562
1,70,0,127933
1,70,1,131100
0,75,0,81250
1,39,3,64460
1,42,3,136747
1,66,0,87174
1,24,0,47688
1,59,0,130970
0,35,3,28131
1,43,2,105879
1,77,1,135826
1,52,1,126076
1,53,1,147316
0,21,4,112460
1,50,0,89078
1,56,0,107168
0,31,3,93123
1,26,2,102928
0,46,2,69556
1,27,4,38385
1,58,0,123688
1,60,2,72820
1,48,4,125915
1,57,4,137795
1,39,3,136330
0,23,4,48848
0,23,2,89179
1,26,2,55808
0,71,1,86352
1,73,1,83156
0,35,4,107958
1,29,1,125515
1,68,3,107364
0,40,1,65681
0,75,0,144495
1,66,4,126453
0,53,0,21050
0,24,4,42169
1,43,3,128420
0,30,1,102683
0,19,1,50373
1,54,2,118774
1,33,3,140602
1,74,4,111804
0,26,1,70500
1,72,4,107982
1,53,0,69884
0,78,2,28706
1,71,0,83373
1,28,3,82728
1,57,1,65939
0,48,0,126123
1,46,0,56339
0,37,0,48171
1,53,3,83917
0,36,0,130670
0,43,1,65659
1,37,4,135109
0,71,4,93395
0,77,3,96031
0,19,0,104115
1,75,3,37135
0,26,0,131721
1,62,3,92091
0,23,1,42742
1,49,4,130784
0,48,2,40851
0,30,4,22041
1,30,2,132206
0,64,2,115530
0,59,0,97171
1,46,1,124591
0,38,1,70161
1,58,4,144417
0,64,3,60380
1,66,3,94075
1,76,4,69243
1,44,2,115919
0,38,0,128435
1,27,2,139795
1,49,1,86083
1,53,0,108914
0,79,4,99602
1,60,0,136018
1,54,1,62790
1,25,1,59697
1,75,2,116790
0,55,2,36525
0,64,4,75732
1,72,4,111219
1,63,1,143189
0,70,0,76943
1,51,3,97715
1,72,3,142217
0,53,3,37697
1,71,3,123682
1,54,1,107456
0,67,2,70316
1,36,1,96223
1,21,4,135679
0,48,2,33720
1,54,0,76399
0,34,1,73208
1,18,0,109670
1,66,0,102350
0,37,0,60876
0,28,0,37958
0,52,1,97507
1,51,0,137829
1,47,0,34456
1,50,1,135556
1,40,3,31537
1,24,4,109817
1,60,2,110578
0,78,2,44719
0,47,2,135743
0,74,2,49283
0,33,4,81220
1,43,0,109834
1,45,0,56892
1,77,1,41521
0,30,1,66602
1,63,2,141542
0,75,0,32163
0,50,3,58211
0,22,3,44097
1,37,0,54341
1,80,4,124644
1,41,0,76448
1,53,2,136807
0,33,2,136027
1,22,4,132796
1,25,3,132739
1,43,0,50397
0,60,3,33173
1,30,1,129333
0,72,2,55534
0,64,2,21622
0,50,2,22140
0,47,1,92050
1,78,1,139041
0,52,3,93178
1,42,0,94482
1,58,3,33687
1,47,4,108673
1,44,4,113801
1,44,4,108462
1,38,0,69980
1,76,4,82317
0,24,1,122074
1,60,3,129982
1,75,4,45415
1,74,2,77008
0,42,0,26340
0,54,2,128395
0,28,0,38965
0,18,1,95057
0,58,4,44657
1,27,1,91604
1,44,0,124385
1,69,2,88580
0,76,1,100713
0,71,2,123323
1,39,0,71177
0,52,4,68489
0,53,1,126595
1,80,0,96681
0,67,4,80965
0,20,1,103244
0,62,1,21702
0,47,4,85203
0,77,0,38970
0,63,4,117959
1,65,3,56221
1,74,3,46326
0,57,4,30653
1,45,2,134367
1,36,1,48190
0,20,2,45778
0,69,0,86048
1,72,2,144755
1,37,3,72106
0,25,3,144465
1,78,1,72531
0,55,3,24563
1,72,4,58848
1,54,4,142943
0,58,0,40101
0,22,1,22525
1,56,3,131220
1,63,2,94651
1,36,1,25628
1,19,1,108167
0,73,4,133406
0,25,1,46264
1,18,1,56445
1,26,4,130483
1,73,4,35164
0,71,0,74864
1,46,4,86840
0,76,2,79333
1,55,0,27604
1,36,3,85247
1,56,2,77330
1,55,4,95882
0,70,3,20543
1,27,4,120875
0,54,3,76680
0,32,1,63246
0,37,2,40782
0,27,3,30097
1,57,0,103125
0,64,2,101248
0,31,0,65423
1,22,0,33540
1,38,4,92165
1,48,3,51454
1,54,0,96808
0,54,0,21828
1,32,2,68955
0,46,3,57516
0,29,2,46915
1,35,2,49775
1,42,1,131357
1,61,3,104976
0,35,2,48849
1,31,2,54412
1,36,2,132365
0,20,1,80726
0,33,0,48501
1,55,0,97071
0,47,0,81433
1,45,1,21697
0,50,4,49206
1,25,1,119060
1,76,1,132059
0,23,2,95085
0,20,1,94961
0,27,3,25198
1,59,1,146014
0,51,1,51469
0,30,1,74317
1,35,4,138465
0,49,2,66424
1,27,4,95178
1,68,3,131528
0,19,1,48372
1,27,3,129750
1,69,1,88843
1,64,0,145299
0,56,2,109353
0,60,0,30496
0,54,2,48043
0,75,4,133658
0,49,3,20102
1,43,1,142067
1,78,0,77778
1,30,2,135241
1,43,1,96071
0,50,3,147129
1,24,4,137965
1,25,4,94025
1,20,2,142974
1,60,0,137161
1,26,3,107615
1,27,1,100811
1,65,0,145343
0,66,4,104118
0,20,0,135113
1,45,0,68910
1,49,2,121381
0,45,1,27527
1,69,3,98922
1,65,1,106880
1,21,1,149104
1,80,3,125906
0,78,0,39554
1,33,4,66378
1,30,3,62732
0,76,4,26698
0,18,2,39255
1,31,2,51668
0,78,0,136114
1,19,4,55477
1,61,2,133617
0,34,3,107592
1,32,4,57688
0,58,4,74501
1,76,3,134645
1,51,1,106718
0,66,4,75986
1,30,3,82555
1,37,1,120963
1,19,3,145432
0,76,2,134634
0,66,4,140933
1,24,1,126876
1,28,0,59486
1,35,3,106084
0,43,1,79120
1,33,0,65683
1,23,4,115853
0,76,2,29942
1,80,2,41351
1,63,3,113789
0,52,4,95067
1,51,3,75832
0,40,3,67258
0,34,1,88311
0,64,2,91426
0,64,3,65014
0,33,4,42112
1,37,4,84367
1,62,0,125842
1,63,0,82368
0,33,0,76194
0,60,3,84237
1,56,2,132097
0,25,0,122586
0,42,2,122090
1,46,2,64248
0,65,2,89594
0,38,4,60058
0,67,1,63565
0,62,2,62613
0,54,4,44812
1,57,0,78697
0,42,1,108567
0,48,1,104921
1,77,3,126679
0,49,3,32062
0,66,4,65430
1,36,3,127951
0,45,1,33081
0,73,4,52702
1,74,4,106955
1,57,4,114760
1,55,0,124255
0,41,3,20859
1,56,2,66901
0,67,2,105341
0,55,0,21451
1,35,3,122402
1,21,1,107420
0,45,1,114993
1,78,1,56190
1,68,0,97704
0,56,0,30429
0,44,1,124941
1,41,1,144953
1,43,4,43144
0,20,3,58189
0,25,0,33031
1,60,3,86913
0,60,2,30715
0,38,1,64919
1,30,3,82787
1,39,0,65183
0,67,3,79790
1,69,3,123151
0,79,0,47270
1,21,4,85433
0,60,2,23311
1,37,2,91278
0,23,0,95905
1,70,4,130677
1,38,4,143425
1,18,3,71982
0,72,1,87373
0,64,1,63524
0,34,3,146669
0,34,0,45401
0,18,1,23374
0,56,0,95186
1,56,3,146674
0,19,4,65044
0,41,1,33933
1,19,3,128894
1,71,2,123280
1,76,4,98672
1,41,4,124145
0,47,3,38689
1,74,0,103594
1,51,1,72612
1,37,1,50750
0,77,3,86645
1,43,2,36917
0,66,0,40523
0,26,1,22052
1,36,3,81223
1,70,1,40604
1,76,2,109416
1,58,1,81839
0,55,1,44043
1,78,0,138956
0,21,1,105457
1,36,3,30393
1,62,3,135424
1,64,1,60672
0,34,2,98788
1,47,2,137289
1,26,4,135903
1,19,2,32880
1,26,0,120354
1,73,2,108937
1,71,4,31490
0,56,1,63519
1,40,2,69739
0,32,3,97173
1,44,4,93970
1,27,3,29540
1,63,3,36925
1,32,4,78468
1,53,1,125897
1,26,2,129697
1,31,1,106220
1,32,1,96682
0,44,2,46039
1,20,2,84276
1,74,1,91191
1,47,0,131028
1,18,1,99184
1,31,0,94798
0,30,2,22214
0,69,2,22042
1,68,3,125586
1,40,4,115491
0,22,1,110399
0,45,1,58300
1,76,0,71661
0,65,0,43980
0,42,1,118781
0,51,3,55532
1,66,3,20281
0,52,0,88112
1,46,4,93613
1,44,4,139386
1,37,3,145058
0,22,0,35879
1,54,1,71413
0,75,2,63761
0,46,3,67770
1,64,0,138151
1,43,0,38636
0,67,3,72568
1,36,1,45413
1,41,1,49859
1,79,4,58456
0,69,4,72828
1,20,3,102602
1,55,3,86280
0,20,1,24438
1,79,0,143314
1,72,0,35361
0,56,2,27892
1,44,2,25176
1,56,0,129499
0,78,1,31320
1,63,2,140900
0,60,4,24652
1,78,4,60761
1,62,1,148075
1,38,0,134667
0,62,2,54815
1,64,3,132504
1,26,3,70822
0,38,1,60306
1,32,1,56303
0,41,4,85185
0,72,3,27969
1,73,3,66730
1,22,3,122655
1,38,4,94320
0,28,2,25181
1,72,2,126940
1,19,0,90896
0,80,0,73831
1,70,2,106331
1,77,3,31390
1,34,4,77468
0,37,3,35773
0,59,4,58481
1,62,3,24376
1,54,1,126550
1,72,3,147129
1,50,2,103893
1,49,4,86750
0,76,4,47221
0,67,3,34842
1,34,2,101136
0,37,3,38522
1,78,4,145662
1,52,2,94913
1,21,4,120398
1,42,0,88707
1,58,3,94259
0,38,0,31251
1,36,1,106038
1,74,1,75558
0,19,3,26099
1,39,4,97414
0,22,1,57207
1,56,1,63264
0,69,3,51055
1,42,0,127471
0,31,1,38564
1,44,4,52580
0,31,0,41139
1,49,0,113832
0,75,0,28142
1,60,0,134673
0,35,0,53515
1,65,2,41009
0,68,0,96586
1,80,3,113085
1,27,3,120915
1,68,3,146084
0,20,1,92884
1,30,4,50602
1,53,2,123651
0,33,1,86788
1,32,4,58172
0,68,2,39159
0,66,3,52598
0,68,3,29449
1,68,1,120382
0,52,2,25650
1,68,3,36968
0,65,2,92640
1,59,4,81787
1,29,1,76328
0,36,2,35329
0,69,0,79574
0,31,1,33813
0,49,0,53073
1,80,2,137502
0,77,2,78441
1,28,3,29463
0,59,4,119197
1,68,0,125646
1,50,1,108709
1,30,3,125328
1,65,4,126900
1,55,4,98791
0,38,1,135137
1,38,3,107318
0,35,2,58695
0,74,2,38554
1,20,0,35572
1,19,2,78845
0,54,1,48406
1,67,1,144001
0,80,4,144652
1,61,4,140736
1,71,0,98704
0,73,2,47236
0,74,1,60477
1,21,4,21014
1,38,2,122106
0,44,0,20330
0,40,0,52248
0,18,4,131377
1,56,3,104888
1,65,3,96775
1,49,3,85009
1,56,1,113979
1,64,0,66597
0,27,0,49806
1,39,0,76616
0,57,4,47295
1,41,2,110356
1,18,2,52185
0,74,1,53243
1,35,0,79892
1,71,0,86046
1,47,4,76286
1,23,3,98199
1,63,1,149352
1,32,4,37877
1,60,0,29521
1,52,1,84003
0,64,3,54701
1,47,3,67344
0,38,2,33597
0,25,2,65539
0,61,2,36059
1,31,0,126634
1,50,2,118589
0,49,1,82379
1,47,1,68870
0,32,1,33528
1,72,2,93637
1,23,3,65084
0,68,2,30686
1,80,4,140488
1,58,1,140134
1,43,1,107879
0,44,2,49499
1,58,1,110658
1,26,2,133819
1,48,3,139552
0,39,1,67199
0,57,2,53319
1,70,0,36715
1,36,0,135571
1,25,4,64549
0,70,2,89372
1,35,3,62190
0,35,0,45854
1,47,2,97366
0,49,2,43810
1,41,3,142083
0,44,1,87692
0,69,1,100671
0,71,1,58489
1,26,0,87792
1,33,4,84760
0,29,1,134443
1,71,3,89377
1,72,4,137683
1,48,2,48153
1,22,0,118881
1,64,3,89168
1,51,3,78570
0,42,3,78350
1,47,0,63059
0,36,0,141183
1,77,3,142729
1,39,0,125861
1,74,3,93232
1,49,0,139845
1,53,0,68012
1,29,0,57355
0,36,0,54984
1,63,3,46883
1,78,2,127611
1,48,4,135705
1,36,2,140661
0,64,3,73046
0,47,4,73370
0,46,3,46629
0,51,1,83320
1,76,0,92413
0,29,2,46548
1,58,1,32117
0,18,1,35206
0,26,3,28868
1,43,4,37016
1,30,4,126797
1,71,2,103428
1,66,4,146530
1,57,4,149808
0,31,4,43478
0,64,4,125698
1,46,2,84407
1,50,3,132849
0,76,0,107499
1,57,0,22718
0,43,0,27162
1,31,2,125851
0,31,1,82785
0,46,1,41169
0,65,0,46562
0,65,2,58344
1,52,1,103883
0,30,2,148191
1,36,1,69777
1,68,1,142365
1,58,0,137298
0,21,1,52847
1,60,3,46202
0,75,3,52933
1,40,4,78332
1,72,0,131529
1,65,2,57811
1,63,0,111330
0,64,0,124954
1,59,3,39531
1,76,0,59159
1,19,4,119130
1,20,0,75385
1,35,4,109878
1,53,2,139773
1,40,2,37113
0,33,4,77757
1,21,2,32927
0,19,2,128198
1,34,0,57339
0,25,4,92546
1,76,2,115610
0,75,4,84017
0,62,1,80659
0,31,1,37587
1,26,3,114062
1,56,4,116571
1,35,0,64853
1,60,4,77046
0,48,4,106542
0,56,2,84507
1,46,2,82769
0,75,2,22848
1,78,3,71134
1,73,0,72366
1,18,2,62119
1,73,0,149491
1,50,4,64247
0,38,2,103893
0,29,1,93676
1,50,1,122849
0,63,1,38126
1,65,0,77773
1,51,2,144138
0,72,0,49935
1,47,3,97747
1,41,0,58719
0,62,1,43535
0,70,2,92724
1,46,2,35774
1,29,1,98141
0,52,1,53131
1,75,1,126605
1,70,3,89014
0,39,2,28660
1,37,4,85840
1,37,2,128799
0,77,2,30168
1,73,2,59464
1,35,3,83423
1,20,1,97098
1,72,4,123393
1,44,3,120462
1,44,3,122594
0,54,4,106640
0,49,0,137789
0,69,1,112161
1,41,3,126896
0,46,1,46657
1,19,2,97141
0,57,1,134586
1,50,1,64950
0,74,0,30353
1,78,0,139970
1,49,2,77415
1,62,4,128065
1,75,4,20875
0,67,4,94671
0,52,4,28118
1,41,3,102923
1,21,0,145509
1,32,2,138273
1,80,4,58607
1,70,0,114318
1,78,3,99884
1,62,1,120882
1,25,2,43030
1,37,3,115359
0,56,0,101839
0,30,1,43453
1,26,2,58021
1,52,4,104729
0,47,2,27922
1,43,3,108458
0,76,4,144926
0,35,1,79035
0,25,1,27476
0,21,1,51762
1,23,2,78534
1,65,2,101872
0,69,0,48185
1,34,2,100703
0,28,1,59924
1,50,4,75656
0,22,2,119344
1,66,0,94027
1,55,3,127381
1,19,3,140522
1,43,0,81992
0,19,2,36805
1,49,1,60184
0,52,2,38522
1,63,1,79859
1,31,3,64013
1,64,1,117372
1,48,0,128765
0,45,2,112294
0,73,0,55040
0,67,2,137544
0,67,2,129759
1,71,1,87922
0,70,3,134217
1,41,3,24098
1,52,4,31223
1,24,2,69975
0,43,4,33906
1,29,0,56713
0,24,0,57244
1,36,1,141942
1,28,4,147424
1,73,0,80619
1,75,3,145461
1,50,0,116914
0,70,4,58940
0,30,0,84019
1,35,2,145533
1,19,1,128290
1,48,4,90579
1,70,4,51320
1,60,2,137744
1,64,2,69753
0,77,2,131795
1,70,0,127218
0,66,4,27246
1,63,2,138588
0,35,2,66541
1,63,4,115530
1,34,1,28424
1,56,4,65669
1,76,3,79504
1,35,0,53268
1,29,2,106532
1,44,0,78998
1,28,2,42899
0,80,2,67222
0,71,2,46876
1,48,4,81988
1,75,0,124978
1,19,1,56236
1,49,1,101083
1,65,0,119813
0,23,2,28294
1,80,0,119437
0,63,0,146024
0,65,1,46422
0,77,4,128377
0,50,4,111435
1,46,4,102738
1,27,4,63498
1,53,1,25679
0,18,1,33819
0,74,0,42867
1,29,1,55767
1,34,2,148669
1,45,1,120940
0,25,1,126121
1,38,4,46348
1,64,2,141312
1,41,4,112148
1,43,1,52522
0,45,3,74524
1,70,2,96389
1,35,0,130209
1,23,4,55969
1,29,3,148378
0,25,2,61484
1,38,0,65731
1,27,2,95701
1,37,3,93847
1,33,3,22454
1,53,3,119074
1,21,4,109926
1,47,3,41563
1,71,3,27748
0,37,2,78896
0,33,3,49198
1,48,0,66786
1,77,0,55097
1,26,3,58783
1,38,3,64339
1,36,4,107205
0,77,1,137231
1,41,1,42568
1,33,0,66593
0,61,2,127372
1,32,4,140980
1,55,2,129637
1,80,0,127573
1,44,0,125276
1,20,2,141437
0,64,3,20110
1,37,3,62946
1,27,3,40109
0,71,1,103747
1,50,4,108766
0,30,2,77593
1,58,2,47596
1,55,4,147488
1,76,4,115331
0,75,0,145979
0,76,1,114951
1,55,1,142162
1,54,0,51274
0,68,2,64827
1,46,4,62270
0,23,1,35799
0,26,0,23172
0,37,1,135181
1,75,0,25660
1,48,0,147768
0,27,2,72027
1,54,3,70797
0,44,0,81011
1,63,4,80501
1,38,2,60207
1,55,4,114746
1,68,3,115515
1,60,1,86371
0,79,2,116049
1,34,3,41764
1,43,4,120576
1,67,2,136691
1,24,4,94401
0,20,3,64979
0,24,2,99682
1,80,3,111625
1,43,3,125656
1,31,1,105089
1,70,0,146683
0,59,1,39097
0,21,3,84404
0,69,2,80310
1,60,2,25375
0,20,0,53724
0,25,0,59309
1,57,0,81529
1,24,0,93281
1,45,2,44478
1,64,2,86575
0,51,4,94093
1,79,3,45362
1,70,1,36774
1,43,0,56498
1,38,3,128745
0,24,1,23891
1,35,3,126622
0,34,2,79761
0,26,4,30988
0,44,2,68132
0,74,3,31803
1,60,0,52956
0,72,3,117066
1,61,4,36394
1,19,3,125290
1,24,3,33960
0,64,4,65702
1,75,3,75134
1,62,0,125503
1,71,1,82296
1,38,4,121658
1,72,0,21882
0,70,2,100073
0,26,4,88035
1,37,2,101941
0,67,0,85027
1,39,0,92268
1,72,4,80030
1,18,4,116367
0,80,3,98010
1,33,4,26986
1,35,1,56738
1,77,4,27954
1,41,1,135971
1,22,4,79407
0,77,4,46479
0,72,1,20854
1,67,4,100724
1,41,1,119620
0,31,1,114070
1,45,1,79787
0,63,0,52391
1,30,4,107936
0,32,1,99386
0,68,4,44603
1,57,3,51233
0,26,2,89072
1,26,2,62808
0,72,3,44035
0,65,2,115939
0,77,4,120972
0,57,2,125653
1,52,3,123258
0,48,0,80997
1,52,4,145667
1,44,2,38316
1,34,3,59489
1,19,0,69934
1,30,4,77218
1,51,2,103707
0,72,0,45711
0,39,2,91399
1,41,4,129607
0,28,1,54397
1,22,0,142208
1,38,3,145595
1,78,4,69546
1,64,3,87984
0,46,3,66955
1,74,2,126946
0,44,0,44330
1,71,0,149660
0,76,1,124336
0,77,1,56918
0,77,1,142867
0,47,4,56322
1,23,0,126844
1,21,4,74826
0,60,2,43019
0,21,4,77402
0,41,0,139419
0,22,2,89681
0,58,4,46706
1,79,0,96410
0,37,2,43621
0,28,0,146348
1,63,3,74382
1,50,1,99511
0,34,3,42625
1,57,0,65080
1,23,0,82664
1,47,3,144480
0,26,0,146100
1,23,3,94459
1,25,0,84643
0,32,0,66949
1,70,3,64042
0,54,4,86722
1,66,0,47085
1,67,1,133296
1,36,2,60750
1,19,1,109019
1,39,0,113561
1,30,3,147441
1,19,2,125871
0,43,3,28217
1,79,0,106727
1,52,2,119551
1,75,2,85790
0,38,0,25844
0,28,0,42076
1,18,4,67024
0,23,1,73410
0,18,4,38995
1,27,1,148796
0,19,4,44018
0,19,2,20309
1,28,2,76785
1,44,0,110093
1,63,0,138279
1,35,0,25140
1,61,1,72448
0,56,2,38196
1,22,4,63140
1,44,4,87809
0,79,1,31655
0,68,4,108418
1,67,3,121759
1,80,4,52902
1,31,3,84687
0,39,4,25720
0,53,0,53693
0,63,4,123620
1,27,4,44123
1,59,2,71761
1,30,3,66857
1,50,1,60534
1,69,2,147867
0,69,1,38761
0,30,0,77770
1,38,4,26371
1,28,0,91851
1,45,0,43112
1,57,2,65797
1,73,1,76709
1,54,4,112066
1,77,0,134368
0,64,2,85845
1,50,4,142120
0,30,1,30623
1,70,4,70255
1,25,2,30023
1,71,1,36071
0,28,3,58814
0,63,4,69150
0,34,2,104904
0,78,1,130616
1,47,0,91895
1,42,3,104570
1,39,2,82420
0,74,4,31063
1,56,4,139649
1,78,3,91048
1,22,0,58259
1,36,0,81901
1,51,1,149714
1,72,1,130506
1,74,0,34497
0,65,4,34446
0,33,0,138782
1,47,0,44955
1,28,1,43818
1,18,4,141542
0,46,3,91040
1,63,0,92932
1,45,3,31379
1,31,0,112487
0,73,0,28665
1,23,4,82615
0,48,1,55329
0,42,1,70909
0,23,1,39904
0,74,4,21826
0,19,3,33524
0,69,4,46186
0,58,2,87083
0,80,1,27313
0,64,1,48697
0,27,1,144439
1,20,4,121404
1,60,2,129005
1,73,1,126248
1,39,1,145862
0,68,2,144192
1,79,4,83775
0,50,2,97102
0,73,0,102939
1,57,0,109116
0,23,3,41973
1,77,3,143207
1,66,4,89521
1,72,2,119271
0,65,4,41415
1,51,1,87382
1,29,4,34677
0,57,1,84685
1,25,4,67776
1,71,3,127794
0,64,0,54119
1,37,4,104006
1,29,3,134683
0,35,0,40629
1,45,0,138311
0,35,4,30809
0,45,1,110827
1,22,4,101910
0,52,0,123065
1,45,2,81270
1,20,1,75625
1,38,2,131967
1,80,3,95553
0,20,3,66644
0,27,1,135316
1,34,4,25555
1,26,3,55954
1,40,3,85390
1,49,3,119024
1,69,3,47434
1,38,1,80453
1,29,4,145381
0,51,1,20615
0,26,3,100367
1,35,4,80109
1,45,3,64154
1,65,1,125298
0,55,4,95220
1,25,2,100990
0,25,4,44123
1,38,3,135670
1,26,0,98994
0,45,0,23532
1,23,2,126757
0,77,0,40193
1,36,3,64754
1,27,2,78227
1,25,4,65131
1,32,3,21357
0,56,2,94775
1,49,3,85075
1,74,4,27797
0,30,2,29048
0,69,3,63740
1,45,2,36706
0,41,1,43219
1,54,2,89847
0,74,1,42999
0,21,2,38329
0,39,0,53695
0,51,1,21882
1,63,2,76243
0,70,1,106202
1,77,0,111350
1,58,4,148093
1,68,0,20174
1,69,4,144208
1,34,2,101931
1,44,4,98858
1,29,0,29652
0,57,0,30346
0,77,0,37218
1,30,4,52432
0,43,4,21671
1,38,3,28062
1,72,4,120893
1,73,4,37121
1,45,4,124717
1,46,1,89484
1,62,3,34875
0,27,3,118730
0,72,2,50829
1,34,2,35339
0,41,0,27753
0,59,1,44495
1,59,0,105159
1,75,3,61918
1,21,4,144780
0,44,0,61119
1,32,0,106953
1,69,1,110736
0,25,2,30264
1,63,1,108224
0,38,4,30321
1,75,2,129974
0,77,4,50002
1,49,1,104837
0,56,3,30280
1,39,0,49041
0,61,2,108805
0,22,1,27913
0,64,0,56220
0,50,1,23232
1,77,0,126703
0,63,0,145502
1,33,3,68108
1,56,0,111279
1,19,4,109503
0,33,0,24385
1,18,3,76152
1,25,1,137647
0,69,1,76510
1,51,3,130894
1,64,3,24215
0,45,0,81114
1,31,4,124485
1,69,0,57298
1,59,3,120813
1,79,3,35991
1,56,2,100445
0,23,0,90900
0,54,4,140190
0,64,0,22140
1,37,2,104348
1,55,2,121154
1,49,2,133763
0,37,0,36832
1,40,3,100756
0,71,4,48101
0,65,2,138030
1,23,0,131548
1,63,2,94411
0,18,0,75001
1,67,0,68997
1,68,3,88297
0,61,1,139632
1,59,3,114779
1,53,0,25972
1,74,3,72913
1,22,4,106294
1,39,3,37797
1,70,4,149417
1,52,0,76349
0,69,4,122282
1,67,3,71097
1,34,3,110037
1,49,1,96693
1,42,0,118700
1,50,1,86291
1,21,4,111641
1,73,2,140996
0,46,1,81513
1,34,3,23833
1,77,0,58763
1,51,0,89807
0,65,3,107593
1,77,3,43184
0,53,1,32552
0,60,1,65993
0,20,4,98438
1,23,4,56785
0,18,4,30957
0,73,1,40137
1,44,0,128218
1,53,0,68482
1,66,4,75112
1,47,0,58515
1,28,3,37635
1,29,3,52665
1,55,4,96482
1,44,0,20993
1,76,4,129410
1,71,0,99736
0,31,2,42571
0,42,1,149485
0,55,4,24480
0,39,1,119926
1,51,1,119058
1,19,3,73475
0,80,1,89027
1,36,4,51724
1,75,4,144545
0,40,3,87356
1,44,2,133210
1,31,4,121223
1,45,1,97740
1,57,3,118668
1,77,2,127763
1,44,1,87108
1,72,0,118502
1,36,1,82994
1,57,3,125028
0,69,0,34807
1,22,0,104854
1,32,1,145120
1,36,3,146283
1,66,0,91403
1,50,1,109412
1,42,4,69759
0,34,1,86641
0,19,1,69097
1,52,0,122872
0,59,0,141491
1,50,2,143098
1,37,1,39344
1,48,1,143913
1,80,1,132931
0,40,3,127176
0,27,1,39943
1,77,2,22899
1,34,3,122673
1,51,2,54197
1,41,3,126439
0,26,4,70149
1,70,2,90149
1,35,2,98720
1,40,1,32532
1,38,3,21935
1,54,0,131214
1,25,2,117284
0,69,0,63734
1,34,2,79018
1,52,0,65517
1,74,0,82889
0,77,2,55723
1,47,4,112243
1,67,4,107019
0,61,0,57025
1,60,4,81763
0,76,2,133567
0,37,3,149416
1,19,2,130931
0,52,3,67471
0,31,1,42242
1,56,2,116526
1,30,4,77906
1,50,1,138779
1,20,4,88986
1,63,0,29216
0,70,0,23630
1,78,2,139417
0,80,2,57813
1,36,3,119544
1,44,2,132061
1,30,4,53521
0,75,1,46589
0,52,2,102284
0,79,1,46281
1,43,2,133943
0,48,2,43319
1,53,3,74697
1,70,0,129162
0,46,1,98859
0,71,0,77444
0,20,1,50434
1,25,0,96397
1,62,4,37477
1,64,3,115042
1,36,0,100407
0,32,3,79226
0,51,3,26593
1,49,3,149025
1,49,0,97166
0,66,2,58601
1,35,3,78371
0,36,4,57797
1,78,3,32794
1,71,1,96449
0,79,0,46516
0,79,2,79050
1,53,4,94584
0,74,2,55362
1,67,2,139349
0,25,4,97766
0,30,0,83742
1,63,1,94200
1,38,2,139111
1,32,4,28171
0,54,3,41660
1,78,3,69679
1,26,1,70124
1,36,4,125150
1,75,4,58869
1,40,2,98168
1,64,2,116145
1,49,0,27266
0,69,2,30464
1,36,2,71424
1,64,0,101734
1,33,1,83165
1,35,3,22601
0,51,0,32083
1,42,4,121539
1,48,1,135642
0,26,4,105754
1,41,0,50007
0,80,4,77232
1,67,3,70294
1,62,1,84451
1,65,4,91575
0,18,0,142938
1,48,2,98954
1,23,1,50340
0,71,2,58751
1,37,0,108877
1,54,1,60203
1,63,4,146802
1,31,3,95101
0,63,1,95874
1,53,0,89562
1,38,0,93593
1,32,1,129778
0,49,1,29209
0,79,4,55122
1,74,3,93284
1,27,3,127235
1,68,4,96113
1,25,1,54649
1,63,2,117099
1,69,3,87324
1,52,0,63139
0,69,1,29300
0,77,3,42057
0,71,1,52723
0,68,4,25798
0,37,1,66372
1,34,1,44810
0,77,2,94477
1,23,2,148545
1,26,0,61094
1,48,2,128702
1,27,3,105198
1,63,0,95638
0,27,2,115146
1,41,3,69661
0,52,2,22157
0,68,2,58078
1,80,1,58811
1,22,0,94379
1,55,2,100718
1,44,2,56562
1,46,1,104767
0,71,1,134541
0,53,0,130137
1,22,2,144335
1,50,3,37333
1,24,2,139010
1,60,4,95867
1,68,1,84809
1,22,4,109939
1,52,1,76792
1,59,3,54509
0,36,4,86462
0,40,4,55953
0,70,0,59165
1,30,1,113637
0,19,3,83228
0,33,2,66907
1,27,3,129341
1,63,3,148371
0,22,1,101649
1,70,4,113600
1,43,3,94667
1,65,4,72477
0,43,2,41416
1,59,3,57956
1,52,1,142012
1,55,0,106155
1,40,1,85365
1,80,3,102592
1,55,4,81021
1,21,3,47884
1,18,0,117477
1,42,4,47373
0,56,1,85810
0,69,4,59887
1,18,1,113423
1,59,3,34986
1,39,3,96315
1,52,4,54568
1,75,4,67816
0,76,1,71653
1,39,2,65346
0,63,0,66833
1,72,4,137959
0,28,2,149748
1,53,1,43827
0,47,1,119137
1,44,4,117344
1,68,4,112512
1,60,0,95979
0,56,3,37839
1,28,1,107360
1,28,2,119769
1,52,4,59889
1,77,4,138947
0,43,0,141036
0,77,2,134465
1,72,3,75026
1,66,0,132597
1,53,3,144760
1,56,0,90534
1,35,2,71069
0,68,4,86604
1,29,4,93141
0,57,0,61985
1,20,3,53854
0,25,0,50351
1,42,0,82248
1,28,3,75954
0,18,3,125179
0,60,3,69389
0,29,0,30677
1,24,4,141052
0,35,2,36342
1,32,2,123096
0,47,4,36643
1,59,1,124015
1,42,4,96379
1,27,3,60261
1,70,1,126166
0,74,2,82425
0,69,1,75927
0,70,1,52685
1,75,0,103710
0,23,3,41016
1,48,2,85788
1,77,3,71080
0,25,0,114614
0,25,0,99022
1,52,0,39642
1,56,3,47929
1,50,4,104018
1,48,4,138468
0,42,1,41499
1,59,3,79056
1,41,0,92054
1,28,2,100958
1,37,1,90048
1,78,3,129656
1,46,4,86984
1,50,0,114329
1,56,2,36521
1,54,4,132762
1,40,3,41401
1,75,2,105309
1,31,1,105555
0,77,3,99943
1,40,2,146348
1,32,1,141424
0,65,4,126844
1,56,0,142988
1,61,4,113358
0,65,0,137612
1,79,4,96589
0,75,2,53566
0,61,1,137479
1,36,0,97145
1,34,2,63534
0,60,0,34612
1,34,2,76407
1,37,1,22884
0,37,4,82630
1,51,0,97212
0,22,2,48608
1,64,0,80173
1,51,4,70439
1,30,2,133286
1,34,2,29805
1,18,1,116360
0,33,1,84600
0,33,1,148221
1,54,2,128035
0,70,1,135817
1,25,0,111017
1,59,4,109461
0,26,2,57984
1,28,2,53469
0,65,1,92362
1,52,1,76555
0,19,1,74821
1,64,3,135693
1,47,4,84104
1,76,2,83313
0,55,4,88117
0,30,1,31144
1,56,1,134079
1,57,1,76152
0,43,1,139645
0,34,4,30249
1,80,3,109167
1,79,3,105439
0,27,2,62326
1,49,0,24124
0,75,0,39448
1,61,4,68051
0,29,1,89280
1,77,3,104911
0,20,1,42524
1,59,2,128054
0,51,2,41104
0,42,2,142036
1,30,4,59471
0,72,4,61008
1,43,2,123054
0,31,0,32132
0,38,0,68000
0,57,4,74641
1,30,1,91341
0,64,3,27358
1,72,1,122316
0,68,4,71414
1,39,1,97116
1,37,0,144924
0,18,0,37040
1,62,2,111921
1,26,4,149420
1,54,3,103028
0,72,2,128555
1,19,4,45457
1,76,4,70270
0,76,0,67457
1,20,2,133298
1,45,3,39442
1,23,1,112381
0,32,1,89791
0,30,1,29179
1,61,3,67459
1,76,2,54590
1,55,2,102915
1,24,0,46065
0,29,1,90492
1,67,1,44539
0,46,0,80690
1,35,3,120378
0,70,3,99620
1,34,3,90821
0,49,1,28749
1,32,0,93283
0,24,4,35939
0,32,2,37744
1,68,0,86642
1,63,3,112901
0,22,2,29435
0,34,1,35658
0,45,1,141531
0,19,2,121334
1,75,4,108210
1,51,0,72153
0,39,1,68875
0,18,2,90036
0,73,4,51098
1,39,2,54859
1,23,3,92196
0,67,4,34031
1,47,3,107883
1,80,0,119344
1,54,4,145384
1,69,2,42997
1,38,2,107573
1,79,3,78806
0,74,3,94677
1,25,4,119751
0,61,1,134374
0,44,2,144605
1,72,2,47480
1,32,4,38999
1,19,4,140269
1,57,1,35278
0,49,2,33040
0,40,1,64720
1,61,1,106496
0,73,2,122950
1,56,0,79830
0,64,4,49245
1,40,2,129392
1,74,1,122021
1,33,0,39692
1,51,3,131046
1,26,0,80929
0,59,4,38761
0,54,0,51195
0,73,0,44916
1,54,3,109159
0,63,0,77313
0,32,4,93735
1,32,1,112616
0,32,0,66333
1,76,0,52475
1,38,1,135322
1,26,0,133289
1,73,4,143812
1,36,1,44836
0,24,0,101852
0,35,2,140147
0,73,1,133723
1,52,2,62527
1,25,0,68291
1,24,4,52955
1,53,3,121398
1,29,3,22498
0,72,3,83199
1,60,4,142419
1,36,2,105279
0,48,4,89273
1,50,4,141059
1,54,3,107005
0,37,0,129597
0,57,0,49776
1,52,1,88958
1,42,0,78853
0,71,3,94635
0,36,4,55297
0,25,2,103540
1,46,1,146274
0,21,3,66207
1,47,1,97357
1,29,1,83765
1,28,3,37828
1,38,4,103054
1,54,4,72098
1,30,4,38094
0,50,1,26367
1,37,2,31293
1,73,2,109879
0,60,1,44516
1,42,0,24546
0,42,3,91554
0,65,3,103317
1,41,4,130524
1,39,4,33472
1,24,3,88515
1,24,4,52716
1,77,4,83133
0,26,4,85070
1,47,3,85103
0,23,4,45628
1,70,2,105532
1,54,3,114894
1,68,4,26732
1,49,2,106314
1,53,2,106807
0,36,2,110410
1,52,4,47527
0,20,4,117026
1,31,3,75845
0,41,0,115814
0,35,2,79303
0,73,1,59069
0,36,4,66023
0,54,1,50182
0,72,3,36202
0,64,2,96943
0,76,2,107851
0,23,3,34464
0,79,3,146290
0,51,1,79057
1,55,4,139992
0,36,4,76318
1,56,4,127960
1,60,1,85039
1,42,1,137713
1,50,4,22202
1,76,3,96309
0,29,0,21626
0,32,3,47578
0,35,2,129692
1,69,1,144836
0,28,3,45259
1,70,2,96805
1,56,3,145483
1,38,4,127769
1,29,0,142038
1,70,4,56813
0,38,0,46578
0,44,4,28019
0,70,0,145331
1,55,0,93815
0,70,0,79187
0,59,2,90726
0,52,3,44512
0,58,1,74946
1,51,0,75860
1,75,4,45057
0,71,2,43998
0,78,4,143292
1,76,0,50062
0,48,2,27050
1,50,2,20075
1,35,2,39037
1,44,0,91213
1,58,0,148521
0,76,1,33035
1,54,2,112271
0,66,2,43947
1,77,0,95454
1,52,2,130533
1,80,1,128311
1,26,3,89008
1,21,4,137324
1,78,2,73350
1,79,0,125937
1,32,3,20446
1,78,3,33352
1,54,0,76630
1,80,4,101159
1,57,0,147130
1,43,4,115556
0,29,1,66255
1,72,0,97753
1,62,4,127179
0,28,0,112113
0,35,2,78027
1,25,3,141008
1,19,3,74766
1,63,2,77310
1,38,0,131891
0,49,3,88628
0,31,1,110505
1,50,0,126213
1,56,1,140090
1,45,2,124109
1,48,1,132297
1,34,0,137541
1,41,1,21882
0,22,1,22221
0,20,1,95307
1,66,2,88301
1,21,0,118187
1,80,1,130411
0,43,1,136709
0,37,0,26521
1,76,2,79525
0,34,0,81493
1,37,0,126874
1,29,4,145390
0,44,3,25505
1,67,4,132379
1,49,3,21185
1,54,1,82231
0,39,0,55768
1,68,4,58571
0,26,0,47449
1,39,4,139949
0,38,0,88409
0,78,2,143800
0,67,3,105463
0,53,1,97781
1,67,0,111375
1,46,0,105340
1,24,4,28472
1,76,3,101613
1,40,0,147206
1,63,1,141129
0,56,2,60102
1,67,3,42082
0,75,2,97849
1,55,4,146967
1,69,3,45682
0,47,0,65631
1,60,2,118587
1,69,2,74472
1,29,2,68303
0,33,2,42373
1,42,3,68103
1,42,4,121533
1,36,4,44432
1,43,1,93970
1,42,3,103482
1,30,2,58606
1,56,2,112159
1,74,2,44835
0,44,2,80810
0,36,2,149054
1,42,0,137167
1,63,1,126950
0,41,3,80864
0,28,4,68455
1,55,4,79577
1,36,4,134944
1,39,4,36876
1,63,0,45996
0,23,1,54022
1,51,0,103874
1,37,4,137623
0,34,4,100295
1,22,2,98894
0,32,4,25634
1,21,2,93792
0,23,0,142718
1,59,2,138238
1,51,0,87119
0,69,1,35745
0,57,2,126607
0,40,1,105202
1,53,1,98754
1,37,2,37968
1,80,0,96333
0,70,4,144930
0,65,1,147077
1,79,3,144719
0,24,0,34618
1,65,3,90455
1,18,4,128317
0,61,1,126693
0,19,0,140797
1,35,2,102622
1,25,3,118296
1,51,3,71034
1,75,1,87718
1,43,0,114696
1,25,3,127435
1,48,3,101553
1,78,3,34248
1,18,1,137589
0,48,2,61917
1,48,3,101183
1,53,1,129492
0,79,1,30858
1,22,3,56871
0,34,4,83922
0,19,0,64402
1,79,0,104831
0,34,4,61784
1,56,4,123887
0,74,3,59558
1,26,1,88784
0,47,4,37869
0,72,0,63288
1,36,4,84623
0,69,0,80898
0,38,0,55502
0,53,4,95192
0,43,0,81482
1,29,0,121781
0,37,4,121470
1,34,1,124737
1,68,1,125234
1,73,4,149064
1,37,1,136929
1,43,0,125957
0,24,2,135194
0,57,3,146512
1,79,3,80636
1,54,2,133125
0,73,1,104094
0,73,4,57673
1,50,0,132995
0,23,0,142173
0,47,1,33438
1,39,2,21830
0,29,3,32565
0,71,0,122622
1,76,3,41395
0,19,4,50803
1,46,2,48953
0,60,0,133406
1,76,3,51669
1,25,4,88919
0,56,0,53234
1,18,3,104002
1,68,3,95247
1,76,2,31476
0,67,4,69898
0,58,1,118246
0,29,4,85849
1,74,4,116179
1,58,0,108471
0,69,0,48182
0,71,0,58306
0,54,1,69285
1,64,0,126990
0,18,0,85553
1,77,1,37923
1,45,4,104440
0,48,2,80289
0,25,0,56868
1,42,0,102803
0,78,2,72364
1,43,3,68560
1,18,0,129524
0,55,4,73696
1,57,2,111128
1,67,4,79099
1,60,1,68730
1,40,3,136715
1,70,4,133854
0,75,4,123325
1,50,4,54350
1,57,1,33206
1,63,1,89812
0,80,0,84100
0,61,4,73388
1,78,3,74236
1,31,1,117377
1,47,0,122507
0,22,2,126703
0,50,2,37530
1,43,2,85226
1,18,1,74882
1,58,0,133227
1,58,1,48551
1,34,1,130824
1,43,0,92554
1,30,1,127895
1,27,0,76350
1,54,1,29490
1,32,0,134429
1,33,0,110675
1,29,4,53446
1,36,4,98824
1,18,3,73225
0,39,3,46947
0,27,3,99270
1,57,3,133507
0,56,4,62090
0,22,1,140388
0,42,1,29752
1,77,2,48158
1,39,3,111688
1,59,1,136990
0,48,2,92527
1,52,4,149769
1,23,0,145051
0,57,4,41431
0,57,2,63960
1,35,2,125754
0,30,0,135917
1,37,0,58175
0,73,3,134763
1,23,0,100306
0,26,4,98100
1,39,4,98377
1,27,2,81117
1,44,2,114773
1,58,0,54411
1,62,4,149040
0,19,3,59159
1,54,0,73827
1,64,2,95605
0,40,1,60794
0,24,0,53316
0,80,3,31396
1,30,2,100289
0,67,0,68736
1,77,3,108087
0,41,0,72515
0,39,4,64580
1,63,0,91753
1,30,0,72371
0,42,2,101692
1,48,0,94779
1,31,1,74437
0,59,4,54984
0,39,4,55793
0,27,2,82297
0,66,4,27102
1,31,2,38028
0,47,4,71545
0,32,3,32321
0,76,0,92040
1,64,4,26943
1,31,2,90621
1,37,1,76600
0,37,1,104113
0,52,0,41241
1,23,3,58036
1,56,0,135068
1,43,4,110181
1,50,4,107030
1,40,2,67961
0,49,2,22095
1,47,4,84748
0,32,2,73055
0,39,4,52556
0,40,4,71473
1,38,3,23548
1,48,2,35861
1,34,4,134091
0,29,4,74989
1,31,0,85300
1,27,2,142146
1,32,2,25279
1,62,1,132028
0,72,4,21915
1,73,4,117131
0,49,4,111465
1,55,4,58556
1,28,3,61686
1,68,3,49771
0,80,4,47134
1,64,3,136764
1,41,2,81107
0,28,1,129371
0,71,0,49203
1,73,0,132632
1,30,3,129019
1,38,0,38321
1,74,0,38305
0,22,0,146305
0,24,3,58230
1,66,3,68384
1,38,2,64961
0,75,1,41670
1,29,3,52029
0,40,4,69384
1,37,2,122664
1,33,1,141892
0,19,1,28060
1,21,0,111812
0,38,0,112766
0,63,0,49591
0,78,2,62568
0,27,3,138366
0,80,4,80283
1,32,0,65174
0,41,2,26200
1,30,0,99841
0,67,1,55465
1,45,3,50634
1,38,4,32717
1,54,4,33086
0,53,1,47427
1,22,0,147788
1,73,3,136601
0,66,1,114913
1,32,3,95111
0,79,1,139042
0,66,4,54396
1,43,4,121000
1,62,3,130098
0,46,0,45269
1,79,4,80566
0,69,4,141629
0,70,1,58516
0,29,0,133640
1,48,0,86039
1,66,0,25034
1,29,4,149701
0,42,1,87670
1,33,4,66933
1,63,1,136947
1,19,1,112994
0,48,4,68403
1,79,3,33747
1,46,2,90402
0,59,1,100787
1,56,4,87883
1,55,3,116413
1,49,2,102097
0,36,0,42869
1,58,3,52460
0,20,2,96282
1,70,3,137133
0,50,1,39183
0,36,0,122366
1,61,0,69073
1,58,4,45501
1,64,2,84439
0,28,1,140169
0,19,2,110412
1,31,3,79195
1,50,1,128324
0,34,2,58036
0,65,1,87841
1,23,1,93056
1,69,0,90308
0,65,0,80039
0,23,1,112042
0,71,0,137768
0,20,1,93328
0,28,3,132703
1,68,0,124410
1,67,2,71342
0,74,0,139181
0,46,0,96687
0,22,1,142241
1,43,1,79341
1,67,4,97536
1,78,4,133134
1,31,4,23223
0,26,0,109981
1,30,2,126755
0,59,0,147476
1,39,3,123209
1,40,2,132649
0,28,3,68635
0,78,4,62001
0,19,2,22194
1,35,1,142015
0,23,1,91381
1,43,3,115165
1,66,3,32386
1,79,4,126734
0,66,2,25407
1,21,0,129830
0,59,2,51287
0,72,1,98415
1,31,0,149406
1,72,4,102566
1,76,0,41503
0,33,3,83842
1,48,4,64080
0,70,2,106975
0,24,2,77990
1,62,1,89680
1,18,1,87248
1,29,3,85260
0,79,3,47887
1,21,4,120816
0,65,2,121238
1,35,2,116626
1,56,0,108870
1,72,4,141400
0,42,1,54637
1,62,4,96617
0,59,1,43235
1,75,4,113656
1,41,1,56602
1,75,1,131406
1,23,2,113916
1,60,0,30420
1,66,0,60780
0,58,2,61390
1,68,4,38711
0,38,3,92766
1,56,3,65699
0,74,2,95689
0,35,2,21588
1,72,2,105810
1,28,2,129938
0,37,0,33232
1,36,3,122052
1,34,0,64232
1,24,3,71822
1,71,3,55489
1,36,4,81225
0,68,1,99808
0,42,2,70649
0,32,0,35026
1,47,1,129538
1,57,2,83189
0,18,0,45442
1,60,4,87844
0,29,3,24918
1,24,0,131597
0,25,4,72424
1,77,1,58811
0,41,2,91982
1,67,2,99543
1,49,3,86335
0,44,3,56466
1,48,3,141890
1,52,4,112847
1,68,0,132542
0,21,2,46986
1,22,1,130571
0,31,4,30324
0,42,0,30083
1,27,4,106301
1,54,3,148639
1,57,0,104993
0,75,4,40347
1,52,0,148116
1,60,2,52906
1,36,2,113896
1,18,2,147460
0,42,0,55896
1,26,4,111797
1,51,4,92121
1,30,0,119694
1,74,3,41673
1,41,0,77739
1,40,4,111676
1,37,3,147222
1,64,0,139537
0,39,2,44243
1,25,2,130459
1,38,4,85550
0,73,4,27987
1,80,2,136785
0,44,3,38539
1,64,0,78401
0,63,0,43428
1,58,3,81669
0,19,1,77464
0,76,1,130052
1,43,0,56157
1,69,2,100078
1,54,3,39652
0,62,3,79336
1,38,4,44520
1,41,3,121867
1,41,4,85119
1,50,4,121182
1,69,0,114963
1,42,0,120310
0,78,3,80682
0,70,2,64923
1,75,3,116625
0,66,0,57713
0,45,1,136406
1,58,3,135920
1,74,4,102520
0,21,1,31033
0,80,2,31651
1,62,0,37081
1,28,4,98634
1,69,0,127228
1,19,1,91910
0,23,4,75004
1,74,3,44057
1,76,3,64743
0,64,2,104532
1,53,2,51901
0,43,2,25055
0,67,0,23881
1,61,3,40572
1,19,0,112572
1,55,1,70050
1,73,4,111343
0,71,4,96213
1,35,3,125309
0,65,1,35610
0,65,0,128625
0,61,0,107308
1,71,4,139807
1,59,1,91237
1,43,1,117494
1,80,4,60167
1,30,0,89283
1,27,2,119392
0,66,1,51176
0,41,0,137189
1,59,2,83021
0,35,3,62110
1,78,2,138402
0,62,1,60331
1,58,4,57393
0,65,4,40514
0,70,4,41724
1,55,0,86800
0,46,4,20422
0,51,2,25793
1,40,2,142884
1,20,4,110999
0,48,4,136619
1,33,2,149916
0,50,3,30490
1,31,1,56515
1,35,4,36288
1,56,2,21997
0,28,4,27246
1,48,2,138183
0,31,2,137725
1,23,4,118386
1,47,1,116496
0,20,2,75745
1,24,2,53013
1,50,4,127015
0,41,0,47702
0,69,2,37684
1,67,4,102317
1,51,0,91930
0,30,0,27541
1,49,0,147308
1,77,4,50605
1,64,0,116795
1,26,0,64880
1,28,3,130845
0,31,4,111893
1,37,3,141481
0,63,0,44542
1,27,3,140695
0,55,1,81935
1,18,2,119481
0,24,1,47405
0,43,3,21635
0,19,1,92344
0,23,1,28407
0,29,0,69430
1,23,3,43371
1,72,0,105422
1,40,0,93130
1,33,4,69661
1,68,2,69945
0,63,1,59005
0,77,1,81044
1,62,4,87051
0,43,1,27175
0,24,1,69006
0,57,4,89098
1,50,0,146998
1,64,1,65473
1,41,4,124630
0,46,4,59294
0,59,1,147574
0,76,0,112268
1,46,1,86349
1,57,1,103391
1,32,4,52557
0,65,1,29454
0,77,3,41309
0,27,4,61651
0,19,4,82965
1,19,3,84693
1,49,3,64249
1,45,1,127024
1,39,3,104116
1,31,0,142284
0,73,0,45116
0,39,1,94346
1,34,4,87655
0,44,1,145032
0,24,2,25433
1,67,4,120465
0,80,3,47774
0,55,4,32325
0,31,4,62568
1,67,2,128329
1,25,1,38286
0,73,1,70247
0,56,0,64921
0,67,1,30213
0,70,1,47799
0,79,2,39890
1,47,4,85550
0,68,2,62760
1,36,2,136931
1,78,2,125584
1,60,4,89162
1,57,0,57476
1,20,3,89124
1,41,3,31582
1,25,4,119842
1,21,3,114282
1,21,4,85758
0,30,1,104881
1,29,0,140795
1,36,3,117857
0,29,2,46561
0,48,3,35036
1,35,0,137061
1,31,0,29599
1,78,4,58735
0,65,4,70492
1,76,0,90697
1,33,2,80898
0,77,4,33963
1,43,1,149105
1,77,4,142200
1,36,0,113755
0,62,2,115723
1,22,2,78198
0,28,1,29206
1,55,3,99948
0,47,2,38342
0,70,0,138310
1,75,4,120112
0,18,0,72012
0,75,0,131045
0,44,4,138923
1,31,2,132862
1,63,0,144546
0,64,0,86766
1,72,3,72759
1,18,0,57476
0,79,3,48650
0,21,3,52888
0,21,3,143600
1,43,0,96792
0,59,1,76037
0,75,0,46287
1,39,0,140871
0,78,4,44713
1,74,1,136902
0,19,4,52572
0,35,3,20323
0,41,1,116565
1,78,4,127092
1,25,2,82521
0,21,2,36628
1,25,0,87312
1,70,1,100522
0,73,1,148216
0,80,1,99993
1,77,0,58785
0,38,1,34594
1,48,1,134746
1,80,0,117069
1,49,1,32462
0,30,1,30028
0,29,0,24894
1,71,3,134303
1,55,0,46164
1,49,1,103715
1,40,4,52420
1,50,2,87437
1,73,2,142305
0,45,2,141086
0,42,2,27226
1,49,3,70232
0,55,1,24493
1,46,3,112231
1,55,4,120767
1,45,1,34623
0,63,3,29627
0,58,4,46226
1,42,2,53922
1,19,1,93145
1,46,0,100319
1,49,1,69772
1,32,3,49214
1,39,3,125858
0,72,0,72220
1,33,1,91704
0,70,2,20371
1,33,0,101648
1,30,4,119537
0,44,0,26931
0,74,0,110125
0,54,1,40453
0,60,0,65246
1,77,0,142046
1,47,3,108566
1,51,2,66271
1,37,3,105911
1,43,1,78443
0,18,4,30355
1,34,4,106296
0,51,0,69897
0,61,1,61543
1,42,2,71706
1,62,2,76819
0,28,0,68367
1,55,2,107041
1,56,4,123012
1,41,3,127313
0,75,0,110561
1,41,0,132409
0,49,0,21436
1,39,2,62740
0,78,4,31120
1,57,2,106149
1,39,2,55921
0,77,1,78389
0,43,2,98441
1,22,4,31262
1,79,1,35132
0,51,1,57343
0,78,1,76973
0,19,0,99654
0,22,0,122324
1,21,4,131454
1,56,3,120350
0,39,2,29099
0,45,2,31650
0,40,2,45805
1,35,0,139724
0,48,0,121909
0,74,0,31823
0,64,0,30344
0,62,1,58928
0,19,1,93089
0,63,4,61662
1,44,3,38804
1,27,1,89551
1,57,4,23845
1,69,0,101350
0,61,2,41335
0,31,3,39862
0,65,2,60610
0,68,4,38889
0,68,0,139319
0,59,1,139323
1,45,2,23305
0,25,4,113439
1,35,3,123276
0,46,2,109424
1,65,2,112857
0,21,0,24534
0,27,3,36131
0,26,4,91688
0,64,3,56608
1,49,4,127011
0,49,4,36259
1,61,3,82432
1,28,4,109976
0,37,0,24790
1,20,4,139643
1,78,3,120050
0,77,2,34630
1,27,0,50453
1,39,3,67277
1,78,3,100538
0,52,3,42181
1,67,3,100088
1,76,0,60847
1,60,3,87020
1,67,3,141985
1,28,0,100520
1,21,3,146955
0,73,2,102227
1,48,0,113896
1,45,1,149989
0,41,1,138576
1,39,4,111024
0,67,1,66275
1,41,0,133225
1,43,0,102756
0,26,4,117041
0,41,2,38734
1,54,0,23297
1,52,1,103703
1,57,1,133054
1,42,3,51824
1,34,2,37718
1,80,1,91480
0,78,2,60286
1,63,0,75911
0,73,4,48010
0,78,1,120031
0,67,3,129180
1,39,0,77477
1,74,3,59974
1,22,4,137642
0,29,3,99616
1,54,4,57785
0,79,3,73753
0,65,4,44057
0,21,2,41464
0,76,2,122732
1,36,1,130985
0,59,4,89747
1,69,3,87906
1,47,1,143442
0,77,0,56197
1,23,0,146911
1,62,3,134466
1,42,0,128186
1,24,2,134190
1,55,0,122202
1,35,2,95733
1,56,0,55879
0,27,2,121535
0,63,3,21423
0,62,3,21800
1,21,0,111579
0,57,2,30957
0,20,2,104055
0,32,1,76238
0,69,2,82920
1,18,2,108053
1,58,1,36358
0,65,0,53568
1,33,1,133154
1,59,1,146571
0,53,0,47166
1,54,3,20180
1,37,0,48178
1,28,0,100867
1,57,2,123528
1,47,2,92381
0,48,4,101071
1,25,1,128385
1,47,3,125539
0,24,0,96031
0,64,1,55625
0,80,3,30141
0,36,0,75125
1,50,4,111931
0,34,0,52438
0,25,1,114988
1,52,1,77881
0,59,1,82078
0,22,2,105515
0,64,1,64812
1,56,1,55050
0,66,4,96808
0,74,3,137903
1,71,0,65945
1,33,3,130708
1,60,4,25484
0,23,4,133145
1,30,3,94413
0,24,0,145183
1,62,0,116623
1,24,0,116583
1,58,0,28858
0,19,2,27686
0,44,2,134360
1,79,1,126605
0,49,0,148560
0,60,3,147358
1,50,4,124170
1,68,4,82350
1,78,4,82282
0,24,1,20924
1,29,0,95131
1,19,4,57937
1,30,4,146271
1,56,0,112841
0,27,4,130050
0,73,3,46028
0,39,4,106529
1,76,3,122524
1,33,2,101897
1,30,3,79433
0,56,3,61022
1,56,2,120589
1,41,3,59162
1,67,4,137012
0,51,4,81163
0,27,1,34711
0,50,1,36986
0,35,3,80899
0,50,0,22257
1,65,1,32352
0,74,4,112275
1,59,3,42875
1,23,4,78469
1,41,0,139352
0,80,2,95124
1,24,1,68906
1,26,4,56011
1,41,0,120011
1,43,4,111400
1,41,0,144260
1,29,1,118261
1,73,0,147496
1,65,0,29022
1,25,0,130438
0,73,4,22355
1,63,2,123565
1,42,2,49475
1,31,1,143801
0,23,1,34547
0,33,4,125050
1,32,1,130765
0,32,1,71726
0,50,0,90973
1,68,3,74418
1,39,4,109151
1,31,4,69499
0,66,0,141797
1,74,3,31041
1,74,4,117173
1,76,3,124522
1,49,4,127496
0,44,3,58584
0,28,0,26273
1,51,3,124766
0,18,0,68771
1,23,0,101601
0,78,1,86677
0,50,1,47790
0,27,4,50658
0,28,1,40251
1,45,1,63423
0,30,3,60527
1,68,3,107286
0,41,2,45552
1,19,0,20812
0,32,2,77719
0,52,1,70558
1,66,3,145747
1,32,4,128679
1,32,4,73958
1,46,3,142961
1,71,2,22300
0,63,2,28477
1,32,1,57451
0,28,0,70087
1,38,3,139728
1,75,4,121431
1,35,1,85104
1,64,1,146633
1,32,0,79438
0,44,4,22424
0,34,1,25616
1,36,1,102264
1,73,2,132769
0,29,2,27394
1,55,1,32223
1,26,0,99897
0,79,4,40661
0,77,1,32162
1,28,3,106367
1,57,0,143818
1,76,2,101558
0,39,1,119798
0,42,2,35576
0,39,4,31231
1,34,0,93705
1,35,1,94012
0,49,4,31460
0,63,3,22059
1,38,4,127094
0,41,1,53896
1,46,4,69645
0,60,0,48350
0,20,1,58563
0,40,4,24666
1,42,4,54817
1,77,3,102615
1,66,0,133790
0,76,4,58573
0,42,0,42420
1,74,4,83803
1,56,3,36372
1,74,4,83718
1,53,3,78757
0,21,1,25416
0,33,4,144824
1,28,2,130219
0,73,0,49547
1,36,3,54350
0,65,3,73942
1,66,4,134304
1,46,2,66111
0,39,4,49825
0,79,4,46837
1,18,3,125535
0,47,1,84497
0,52,4,53449
0,70,4,79008
1,73,3,36893
1,71,2,102235
1,18,3,100054
1,55,1,111491
0,78,1,44611
1,67,4,94380
1,59,4,100448
1,35,3,93886
0,32,2,97502
1,21,3,117309
1,24,1,100847
0,67,4,85330
1,18,0,135287
0,79,4,114498
0,68,0,125881
1,60,1,132163
1,56,4,70246
1,72,0,56479
1,43,4,100757
1,61,1,106297
1,35,4,120378
1,75,1,136576
1,37,0,58745
0,35,2,56612
0,66,3,25434
0,49,3,68754
1,67,0,149384
0,51,2,90652
0,55,3,31522
1,23,1,143663
1,63,3,129267
1,25,3,75901
0,61,1,91746
0,63,4,96693
0,27,2,73997
0,38,1,39187
1,19,2,122334
1,49,3,55760
0,69,4,147513
1,55,3,125132
1,38,0,101719
0,27,4,36499
1,36,4,142553
0,46,1,133795
1,29,2,133886
0,63,3,90797
1,71,4,60241
1,33,0,78974
1,21,0,33400
1,39,2,68832
1,43,1,88732
1,49,3,77220
1,58,1,78669
0,35,0,45685
0,41,0,100454
0,77,0,146159
1,33,1,98270
1,21,1,92628
1,38,4,104892
0,28,1,83893
0,38,0,129736
1,51,4,68881
1,29,0,116047
1,58,1,134214
0,34,3,62844
0,47,0,59954
1,37,3,22805
0,29,2,123153
0,46,1,47799
1,52,3,57306
1,28,3,107773
1,39,2,24461
1,21,4,96756
1,36,3,67592
1,33,4,77947
0,60,3,46747
1,42,4,90538
1,60,1,25228
1,21,4,122327
1,35,2,25660
1,33,0,75574
1,71,3,42285
0,80,4,39050
0,62,2,115789
0,65,0,132692
1,28,4,80650
0,50,0,44148
1,44,2,35593
1,37,4,62843
1,18,3,140419
1,28,2,133998
0,18,0,80933
1,35,3,66662
1,46,3,113778
1,33,4,81373
0,66,2,40036
1,42,3,45081
1,48,1,72476
0,45,0,36828
1,52,3,100167
1,50,3,92444
1,56,0,81406
0,45,4,25869
1,49,0,84114
1,54,2,76796
1,31,3,82417
1,53,3,67292
1,36,4,50288
1,57,4,22847
1,65,1,129451
1,51,3,143722
1,74,1,110319
1,34,1,63550
0,67,4,24416
1,34,0,104278
1,73,3,109464
1,39,4,123989
1,29,3,49312
1,38,1,108849
1,26,3,108760
0,53,4,149956
0,18,0,37230
0,71,2,36509
0,75,2,126550
1,46,3,137460
1,22,2,148821
1,48,4,121882
1,37,3,130338
1,77,3,50988
1,70,4,56317
1,22,2,125079
0,47,0,27177
1,61,2,143400
1,25,1,124813
1,60,1,122622
1,29,0,105843
1,50,4,149814
0,18,2,74941
1,53,1,62092
1,78,1,111810
1,35,3,142441
0,76,3,54536
0,23,4,52702
0,31,4,20217
0,60,3,24927
1,29,0,100994
1,80,4,118193
1,41,4,112266
0,76,3,137009
0,26,2,110840
0,64,0,84517
1,70,1,133390
1,21,0,120607
0,37,2,115994
1,78,3,85012
0,74,4,55426
0,60,2,29198
1,32,4,134561
1,61,0,133854
1,41,0,98657
1,25,3,139019
1,18,0,93619
0,24,2,109656
1,28,4,132917
1,32,1,97507
0,73,1,125285
1,20,0,32808
1,78,2,78891
0,55,2,136690
1,69,3,112390
0,78,0,87265
0,18,2,124269
0,21,0,36506
1,53,0,128843
1,75,4,77184
1,49,4,145530
1,51,2,61049
1,65,0,125731
1,39,1,105654
1,67,3,97598
1,39,3,64718
0,72,0,103303
0,57,1,96975
1,55,3,90290
1,49,3,119641
1,74,3,127607
0,55,4,43877
0,74,2,30097
1,70,2,68366
1,26,1,107465
1,65,4,126875
1,34,0,130560
1,38,3,90989
1,67,0,92424
1,74,2,73323
0,32,2,147101
1,29,2,131513
0,61,0,88138
0,69,3,66831
1,68,3,35997
1,34,1,60716
0,62,0,112806
0,29,1,118324
0,60,0,30993
1,42,3,132927
1,30,0,67336
1,46,4,109906
0,66,2,71595
0,69,1,142378
0,37,0,122584
0,77,2,45913
0,33,1,65504
0,56,0,95907
1,19,4,122235
0,52,4,112131
1,63,4,133311
1,56,4,43888
1,41,4,100933
1,33,1,107044
1,48,4,98098
1,59,2,61378
0,69,2,107359
0,73,0,22040
1,73,4,66970
1,76,0,117870
1,59,3,127288
1,77,1,79639
0,75,3,65685
0,21,1,20731
1,43,3,64542
1,23,4,105430
1,65,3,129364
1,31,1,121270
1,79,3,74290
1,30,1,99581
1,78,2,104152
0,25,2,42793
0,25,1,148692
1,73,0,62596
1,31,3,84248
1,25,3,127682
0,57,3,67600
1,61,2,123709
1,18,1,130340
0,79,2,22058
0,62,4,38393
0,48,1,62893
1,23,0,127016
0,45,3,73944
0,23,0,36262
1,79,0,66290
0,43,2,49571
0,77,3,47953
1,44,1,126780
1,30,0,39264
0,48,4,23554
1,69,1,104013
1,71,3,86928
0,66,2,20929
0,64,3,60465
0,25,1,131224
1,71,4,63302
0,71,3,42181
1,21,0,55972
1,71,2,67420
1,77,1,94726
1,42,4,87288
1,29,3,36900
1,45,4,106106
1,52,1,91263
0,74,4,144992
0,27,1,89263
1,32,4,50391
0,29,2,49687
1,35,4,87858
1,51,4,65948
1,36,3,149107
1,18,0,128004
0,39,3,69742
1,80,0,31046
0,68,4,68191
1,60,2,127677
1,57,2,57921
1,79,3,98031
1,32,3,34684
1,64,1,88486
1,36,1,144344
1,30,1,86016
0,52,1,77910
1,60,2,35632
1,71,1,62384
1,70,0,122687
0,44,0,39386
1,31,4,105947
0,70,1,37499
0,72,4,52098
1,68,1,70970
0,67,0,35331
0,62,1,130933
0,28,0,26911
1,25,2,117123
0,61,1,99981
0,25,3,130949
0,73,4,68996
1,21,4,132964
1,43,1,46399
0,38,1,42874
1,51,2,64328
1,45,1,131768
0,78,0,35764
1,58,4,106150
1,32,3,98768
1,34,3,86351
1,54,2,113417
0,76,1,49288
1,62,0,146908
1,56,3,114474
1,38,3,88011
1,29,1,122308
0,60,4,36499
1,48,2,103693
0,25,1,26286
0,79,3,79854
1,25,1,83987
1,63,1,124143
0,63,2,104870
1,30,4,114661
1,45,3,38682
0,20,1,128963
0,55,1,58903
1,54,3,90557
1,51,0,85729
1,54,0,105478
0,26,3,66086
1,20,0,81856
0,18,2,110839
1,65,4,63365
1,68,2,50845
0,75,0,89145
0,29,0,51538
1,57,2,117310
0,27,1,80916
1,42,1,149690
1,41,3,95522
1,21,1,24505
1,36,3,106899
1,68,3,147486
1,46,3,51271
1,41,0,80990
0,21,0,64392
1,42,2,125520
1,48,0,71803
1,53,2,92644
1,62,0,92263
1,36,0,77588
0,64,4,89425
1,23,1,149935
0,30,0,36000
1,37,2,111650
1,62,4,105916
1,60,0,101749
1,42,0,46551
1,22,2,95922
1,41,0,97273
1,50,3,70146
0,21,2,38130
1,62,0,139210
0,27,1,46624
1,66,1,127660
0,42,3,21960
1,23,1,140057
0,63,0,49334
0,70,2,56804
0,19,1,102155
0,80,2,49783
0,19,4,87965
1,65,3,116753
0,28,4,61562
1,29,3,139924
0,53,0,54385
1,66,4,84946
1,78,1,109640
0,79,0,22642
1,76,4,136558
1,37,1,30229
1,30,2,131028
0,55,0,140272
1,71,0,87648
0,80,0,139028
0,78,3,42541
1,69,2,125880
0,37,1,39920
0,28,2,39041
1,34,1,40280
0,76,2,118504
1,53,1,141108
1,68,0,124531
1,67,2,68122
1,49,4,37761
1,21,4,107554
1,35,2,64384
0,36,0,59903
0,33,3,49761
0,65,2,32007
1,71,0,146965
1,31,3,71090
1,57,4,95410
1,58,1,136292
0,40,1,77000
0,65,4,114921
1,31,0,45927
1,60,3,121228
1,49,1,88086
1,62,1,68092
1,45,1,110646
0,49,1,57448
0,64,2,59953
0,78,3,89683
1,50,2,93199
1,21,2,137238
0,72,0,22221
1,55,1,52558
0,45,2,70084
0,78,2,116264
0,27,4,36567
0,34,2,126426
0,79,2,133348
1,51,1,101368
0,21,4,135992
1,80,1,110436
1,72,2,105547
0,41,0,47646
1,30,1,50118
1,23,4,112378
1,74,2,95185
0,80,0,52235
1,19,1,123542
0,28,2,89585
1,39,3,92590
1,58,0,53064
1,56,0,44297
0,40,1,148008
1,74,3,113350
1,45,2,111142
1,48,0,91082
1,18,2,92574
1,50,0,115456
1,61,3,114235
0,58,1,41514
1,57,3,65514
0,25,3,64836
1,39,2,118634
1,34,4,115138
0,61,2,48057
0,78,0,126420
0,50,4,65965
1,49,3,87622
1,45,1,112112
0,65,4,65784
0,33,2,33501
0,55,4,31278
1,32,4,56722
0,43,0,29688
0,73,0,22534
0,37,3,37326
0,32,3,141804
0,27,0,95434
1,30,2,98457
0,23,1,99028
1,56,3,104663
1,57,3,72128
1,38,0,101545
1,32,4,140097
0,48,1,28543
1,23,2,109981
1,66,3,72200
1,47,2,120842
0,54,2,44257
0,22,2,20538
1,58,0,138568
0,52,0,24928
0,66,1,75517
1,47,1,80449
0,66,0,121063
0,61,2,141986
0,49,1,144468
0,46,4,133559
0,40,1,110853
0,49,2,22434
1,63,1,22824
1,73,3,108729
0,39,0,39154
0,24,1,102323
1,53,2,86321
1,42,0,145457
1,64,0,69012
1,61,2,139842
1,42,1,102693
1,80,3,102163
0,63,0,57930
1,25,0,53184
0,28,1,49843
0,56,4,40014
1,69,2,77993
1,57,4,104396
1,57,3,70895
0,34,0,93109
0,73,0,66799
1,65,1,102619
1,72,1,135531
0,75,4,27309
1,70,4,113138
0,78,0,132218
0,33,4,54194
1,51,1,55259
1,50,2,136519
1,19,4,20889
1,18,3,99147
1,27,1,130924
0,43,2,24868
1,39,4,126593
1,35,3,120915
0,23,2,27870
1,22,1,134385
0,61,1,40589
1,67,1,25810
1,35,3,114546
1,62,0,90910
0,49,1,67943
0,74,4,24986
0,69,0,90988
1,41,4,138659
1,22,3,130503
1,24,2,81850
1,68,2,53660
0,21,1,142968
0,71,1,140010
0,52,2,23777
1,57,3,86508
0,27,2,33790
1,28,0,23962
1,73,2,83595
0,64,2,90665
1,28,3,73881
1,77,2,131902
1,27,2,140856
1,33,2,40218
1,79,3,106252
0,20,0,81385
1,29,1,51036
0,46,1,100168
0,49,0,111353
1,27,4,63149
0,25,0,105206
1,41,4,134241
1,34,0,137221
1,33,3,105148
0,71,4,34423
1,57,3,110739
0,79,1,79424
1,29,0,40434
0,23,2,36721
1,21,3,86683
1,37,3,36725
0,42,1,37252
0,69,1,25635
1,41,2,59416
0,46,1,109128
0,76,1,118635
0,26,0,33126
1,79,3,134577
0,21,2,79424
1,66,1,60973
1,48,1,21357
0,65,0,126953
1,55,3,118589
1,50,0,121797
1,73,1,65038
0,22,3,20147
1,70,4,143060
1,51,4,112720
0,57,3,76277
1,29,1,87127
1,48,1,99000
0,48,0,70721
0,68,3,30630
0,59,2,34111
1,37,4,50929
1,19,1,115083
0,63,2,57634
1,64,3,96778
0,57,0,72931
1,72,3,76625
1,80,2,50229
0,21,0,121661
1,25,2,91317
1,25,2,114190
0,66,2,135108
1,55,2,126703
1,20,3,139885
0,71,0,100266
1,32,1,55996
1,20,1,50502
1,37,1,54892
1,58,3,126839
1,44,2,72695
1,29,3,80329
0,50,3,51989
0,76,0,45050
1,76,0,139301
0,25,4,39930
0,67,1,47450
0,22,1,53664
1,49,4,105679
0,35,0,129058
1,61,0,118274
0,46,4,32772
1,62,3,48955
1,74,0,59101
1,59,1,103067
0,20,1,48714
1,61,4,75609
1,45,0,114016
1,36,1,97839
1,51,1,135167
1,68,4,61934
1,58,0,132588
0,45,3,45371
1,77,2,75013
0,79,0,25451
0,45,0,61972
0,57,4,137240
1,23,3,45718
1,73,3,80689
1,24,1,142068
1,64,0,106939
1,66,1,32666
0,73,1,83967
0,44,1,72167
1,44,0,108613
1,47,2,89821
0,64,4,93256
1,34,0,31654
1,22,2,148798
0,57,2,22197
0,36,2,124291
0,25,4,138155
1,69,0,75427
1,33,0,100652
1,22,0,141920
1,41,4,85591
1,56,4,37723
1,42,0,111482
1,41,0,33622
0,67,1,133359
0,68,0,43534
1,66,1,144477
0,45,1,149324
0,32,3,127917
1,30,0,63149
1,23,3,124140
1,38,0,138455
1,33,0,82693
0,43,3,71238
0,63,2,109181
1,60,3,91031
1,67,1,142539
1,21,0,43435
0,63,1,70980
1,30,3,80793
1,23,1,145891
0,54,2,60880
0,70,1,26600
0,37,4,78283
0,77,0,130798
1,55,4,129779
1,51,3,78619
0,51,2,74109
0,32,2,92803
0,33,0,96054
1,60,3,136169
0,64,3,143527
1,63,0,95601
1,52,2,106436
1,28,1,149882
1,37,4,76723
1,56,3,135893
1,62,0,107354
1,38,4,86469
1,73,0,41222
1,74,3,53887
1,42,1,89681
1,41,3,103432
0,31,1,87966
0,75,1,61258
1,45,4,43516
0,29,3,70524
1,55,3,56479
1,50,2,133765
0,78,2,24696
0,29,0,117134
1,77,4,129972
0,20,0,117245
0,75,4,147901
0,35,4,148411
0,46,4,27073
1,80,0,126635
0,48,0,91326
1,68,3,31164
1,56,3,126315
1,63,3,108161
0,71,3,26884
0,49,0,28316
0,80,0,32885
1,35,3,74931
1,69,0,141091
0,57,4,33925
1,50,2,132511
1,42,2,32944
1,42,0,121457
0,22,0,77903
1,71,4,42485
1,29,2,138048
1,62,0,104196
1,25,3,72574
1,71,2,147457
1,71,0,83041
1,71,0,72715
1,49,0,134645
1,56,0,144687
0,80,3,75785
1,30,0,120967
0,45,4,67180
0,75,0,92075
1,39,0,139838
1,34,3,57100
1,36,3,37664
1,23,2,78782
0,33,0,125266
1,33,3,107261
1,44,4,83725
1,40,4,147417
0,19,2,31823
0,76,1,89532
0,57,1,88738
1,60,0,54423
1,41,4,38754
1,49,1,131222
1,39,1,92742
1,18,0,102217
1,21,4,148702
0,65,3,36266
1,30,1,97360
0,19,1,32701
1,45,2,30150
1,63,4,100677
0,69,0,134159
1,62,4,101011
1,27,3,68591
1,59,2,110946
1,67,4,86217
1,23,2,135477
1,38,0,67798
1,30,0,49729
1,52,1,94711
1,38,0,131032
1,71,4,70445
1,23,2,77456
1,30,0,76405
1,68,0,51566
1,49,4,24391
0,61,3,46848
0,31,1,66852
0,28,1,100161
0,79,2,115973
0,61,2,111530
1,39,3,45052
0,29,3,39423
0,75,3,43459
0,64,1,44059
1,77,2,64039
0,55,3,99254
0,33,2,83943
1,20,2,61892
0,67,3,139111
1,57,2,72077
0,29,0,41134
1,47,4,43332
1,71,4,83581
0,33,1,61049
1,51,0,124245
1,30,3,67414
0,54,2,21199
1,56,2,34320
1,49,1,65290
1,36,3,115069
1,42,0,111943
1,44,4,41152
1,72,2,135708
1,51,2,55678
0,29,0,35901
1,50,0,101377
1,20,0,125172
1,23,4,60486
1,56,0,92886
1,38,4,36225
0,69,1,62061
1,29,0,132235
0,72,1,42124
0,22,3,22289
1,18,4,54677
1,70,3,24618
1,31,3,138914
0,20,1,124504
1,66,0,143833
1,50,0,109293
1,24,2,69220
1,20,0,130125
0,28,0,55531
0,36,4,139536
0,33,3,40571
1,21,4,85067
1,53,3,22619
1,29,1,137193
1,20,3,102177
1,33,1,56782
0,26,2,66580
1,70,0,124399
0,66,1,136242
0,76,2,86060
0,54,0,52657
1,46,3,74844
0,50,1,69595
0,55,4,65666
1,18,4,94847
1,54,1,81828
1,51,4,32834
1,35,2,69538
1,73,3,70148
1,64,3,55841
1,72,4,130572
1,52,1,79529
1,67,1,101332
0,38,2,49285
1,62,4,147366
1,75,3,59463
1,77,3,108119
1,52,3,120334
1,25,0,66736
1,79,0,126922
0,60,0,93732
1,52,2,145005
1,66,1,46971
0,39,0,52879
0,42,4,29109
1,30,4,134773
1,44,3,97265
1,55,2,141020
0,45,1,30549
0,23,1,66413
1,50,3,79845
1,74,4,42150
1,18,1,82031
1,37,1,104071
0,79,1,86297
1,63,2,29959
1,52,4,100850
1,45,1,74116
1,29,0,101810
1,27,0,112275
0,29,0,46248
1,77,3,42068
0,45,2,96410
0,55,2,98924
0,24,4,119667
1,53,0,95830
1,43,3,130404
1,64,4,50488
0,50,0,29337
1,44,3,122326
1,74,1,70153
1,21,1,116347
1,77,0,139334
0,68,2,99232
1,64,4,145023
1,47,4,123242
1,76,4,113302
1,44,1,123075
1,29,1,129031
0,69,3,26471
1,61,1,128723
1,19,2,132041
1,40,4,82428
0,52,0,62971
1,23,2,147236
0,65,1,142742
1,44,2,131123
1,55,2,99720
1,48,2,84085
0,66,1,26804
1,33,3,102354
0,69,3,88070
1,42,2,110003
1,28,1,84730
1,77,3,20680
1,64,4,52821
1,74,2,131508
0,30,2,44439
1,77,2,138810
0,80,2,148871
1,27,3,67963
1,43,2,74566
0,75,3,61604
0,72,2,149937
0,59,2,78116
1,49,0,107992
1,60,0,116653
0,42,1,58577
1,72,4,48702
1,50,3,125722
0,69,4,37426
1,80,1,41203
1,43,4,76927
0,65,4,93959
1,78,3,119717
1,30,1,144433
0,27,3,40650
0,72,2,24457
0,33,4,133478
0,73,3,47034
1,79,4,145820
0,53,0,107770
1,33,3,104721
1,56,3,36108
0,26,4,76158
1,53,3,98209
1,67,2,107253
1,21,3,60524
0,76,2,44348
0,28,4,91315
1,48,0,90001
1,22,2,79322
1,57,3,139105
1,50,0,54295
0,56,3,142870
1,65,0,62081
1,21,1,70826
1,27,2,57503
1,66,4,68356
1,61,3,142987
1,18,0,43707
1,77,4,125630
1,19,1,23006
0,46,2,57408
1,22,4,109092
1,58,3,61829
1,57,2,108219
1,50,0,146203
0,33,2,59008
0,68,2,22959
1,25,0,60343
0,76,1,107953
1,37,4,53917
1,29,4,126503
0,58,2,57211
1,28,2,39566
1,51,3,133882
1,34,2,46052
1,40,2,135111
1,75,2,61372
0,21,1,35409
1,56,3,123504
1,50,2,74369
1,29,2,72925
1,41,2,29419
1,68,2,139122
0,49,2,92275
1,65,4,138203
0,71,1,26698
1,54,3,146470
1,49,1,98795
1,66,0,98244
1,70,3,115740
0,75,2,94823
0,32,1,78278
0,76,4,102980
0,42,2,73526
1,54,0,88931
1,31,1,128589
1,76,1,82075
1,52,1,75913
0,69,0,38090
1,43,2,148608
1,51,3,105799
0,77,1,74469
1,47,1,50060
1,77,2,84216
0,62,0,106006
1,66,1,32340
1,61,3,141229
0,24,1,131564
0,70,0,117616
1,63,3,60193
1,49,3,121462
1,58,3,55211
1,34,1,37969
0,75,0,47188
1,58,3,98233
0,50,1,149930
1,76,2,128427
1,62,4,42944
0,64,1,61599
0,46,4,34110
1,56,1,87632
0,46,3,129286
0,23,1,27896
0,46,2,35394
1,21,0,83351
1,24,0,115979
1,44,3,91815
1,52,1,121856
0,56,1,40352
0,40,3,34663
1,49,0,121738
1,23,0,28370
1,29,2,83136
1,38,0,38183
0,71,4,82299
1,35,3,95848
1,52,2,20089
1,72,2,106295
1,36,2,96108
1,25,2,84316
0,34,4,88240
1,51,3,124356
0,68,4,134987
0,69,2,113008
1,52,2,102816
0,34,1,105122
0,79,2,40906
0,25,1,21821
0,80,4,71214
1,50,3,133376
0,74,0,41888
0,77,1,95817
1,23,2,92778
1,30,4,135345
0,65,1,48003
0,49,4,21613
1,43,3,108403
1,71,2,100555
1,64,4,107946
1,67,4,68741
1,46,0,124042
0,45,1,24253
1,24,1,132448
0,63,1,61094
1,38,0,75533
1,43,4,58210
0,63,2,44301
1,23,1,142488
0,59,3,60231
0,38,0,56653
1,69,1,80388
1,78,3,85548
0,22,1,125401
0,76,0,93460
1,33,1,121264
0,64,1,108183
1,40,2,138395
0,35,1,122236
1,26,3,64603
0,44,1,118025
1,34,4,35442
1,80,3,105761
1,31,0,107011
1,59,2,126192
1,73,2,37494
0,74,3,54815
1,59,2,144974
1,29,0,121990
0,62,4,74031
1,43,3,60292
0,27,1,135051
1,34,1,84462
0,35,1,56915
1,68,0,70439
1,43,4,113278
1,67,1,135820
0,20,1,147925
1,18,4,110143
0,28,0,79634
0,75,2,38107
0,43,1,85942
0,53,4,91886
0,18,1,46730
0,57,1,66865
1,60,4,89869
1,79,3,134383
0,57,1,102575
1,68,3,40266
1,34,2,72506
1,23,2,41933
0,47,4,50496
0,51,2,70799
0,40,2,144600
0,49,0,37489
1,59,0,45894
0,31,2,135003
0,76,2,46608
1,53,0,78082
1,21,1,108322
0,72,3,33276
1,63,1,67212
1,47,0,88990
1,25,4,74054
0,60,0,129329
0,77,3,101230
1,38,4,80889
1,35,4,119175
1,68,3,66900
1,20,3,140076
0,61,0,93554
1,38,1,71188
1,65,0,124172
0,65,3,64967
0,70,2,37273
0,74,4,32097
0,32,1,60125
1,47,3,106544
0,23,0,21719
0,26,3,133826
1,74,1,50625
0,62,3,104259
0,66,0,24139
1,43,0,96318
0,79,1,62139
1,20,4,142205
1,74,0,115535
0,76,1,124222
0,41,4,61742
0,59,0,126568
0,75,1,66912
0,63,1,117359
0,40,2,25826
0,37,4,38887
1,77,2,48624
1,43,2,119601
1,38,2,105331
0,44,2,73190
0,53,1,34838
1,20,3,48367
1,60,2,90944
1,33,3,35445
0,67,1,41113
1,35,1,108739
1,70,0,51724
0,25,1,32500
1,29,0,82277
1,58,1,124467
1,43,4,135108
0,77,2,59260
0,23,3,116930
1,23,2,128426
1,42,0,103492
1,30,3,70730
1,45,1,141721
0,41,0,57131
1,80,3,81677
1,73,3,119543
1,79,3,142294
1,71,4,93531
1,73,4,109965
0,52,3,42120
1,24,2,122775
1,43,3,84971
0,28,2,40733
1,44,4,147959
1,18,4,52913
1,52,0,137666
0,60,4,28071
0,30,3,34368
1,73,3,36958
1,78,3,37389
1,38,4,81932
0,55,0,26388
0,40,4,65950
0,46,1,83418
0,36,4,28122
1,75,4,88451
0,28,4,28844
1,79,2,47728
0,49,2,110281
0,58,4,98404
0,51,3,99693
0,40,1,144860
0,67,1,82921
1,61,3,94926
1,61,0,76293
0,23,3,69004
1,59,4,67325
1,46,3,146677
1,39,3,96410
0,74,2,40914
1,65,0,144357
0,23,0,45344
0,59,4,20228
0,30,2,147968
1,75,4,137306
0,74,0,31919
1,70,1,78858
1,57,0,107874
1,56,1,135108
0,60,2,51870
1,30,3,125178
1,64,1,130246
1,62,4,73019
0,53,3,24103
1,26,2,64696
0,59,3,39377
1,35,3,103532
1,28,4,100259
1,46,2,139792
0,80,2,129975
1,47,0,38373
0,78,0,113536
1,67,0,144818
0,41,1,64199
1,19,4,137071
0,18,1,97478
1,52,2,86881
0,42,0,67538
0,26,4,46958
1,78,0,98401
1,34,3,91271
1,67,4,114127
1,39,4,121551
1,34,4,45050
1,24,4,116801
1,25,3,105183
0,67,4,96422
1,46,3,93362
1,46,4,30809
0,73,1,40772
0,21,3,62409
0,75,2,126603
0,41,2,30403
1,65,0,96464
1,57,1,115253
0,67,4,20119
1,32,3,131477
1,64,4,76865
1,66,1,107024
0,24,3,113866
1,30,4,88759
1,23,2,73999
0,40,1,60379
1,31,2,92410
0,78,1,114850
1,46,1,128837
1,25,3,133054
1,64,4,76351
1,65,0,98217
1,62,2,100039
0,34,3,138542
1,31,4,108165
1,78,2,73181
0,22,2,112798
1,52,1,147423
1,31,2,93907
0,44,3,78307
1,35,2,58830
0,49,1,20677
0,35,2,113737
0,52,3,82792
0,20,1,119708
0,54,3,66815
0,52,2,129160
1,45,1,114547
1,57,4,61443
1,27,4,31874
0,18,4,44597
1,77,0,45429
0,45,2,69642
0,42,4,105594
1,32,2,105168
1,78,2,87004
1,40,4,125117
1,26,1,118660
0,65,3,66820
1,78,2,48091
0,24,2,121925
1,24,0,80383
0,28,4,26227
1,64,0,44586
1,25,2,87151
1,39,2,117907
1,44,3,107639
0,35,4,66664
0,57,1,99540
0,75,4,67706
1,38,3,111019
0,73,4,43725
1,38,2,144684
1,35,1,104696
1,21,2,124926
1,64,0,66002
1,44,3,43694
1,70,2,52488
0,77,0,28413
0,30,0,148522
1,41,4,132349
1,31,4,32643
1,49,0,77816
0,73,1,114574
0,53,0,28770
1,44,1,68985
0,31,3,147584
0,74,0,54134
1,50,3,89965
1,59,1,56053
1,33,1,107834
1,68,3,121270
1,26,3,141095
0,67,0,134668
1,53,3,126274
1,21,3,149463
0,55,0,51892
0,65,1,47877
0,36,2,48325
1,32,4,48509
1,25,0,85094
0,77,2,40909
0,63,1,139646
0,59,0,40248
0,49,0,63704
1,28,4,148593
1,75,0,131347
0,53,2,29292
1,25,0,133004
0,58,2,101184
0,22,4,56707
0,30,1,94040
1,31,1,105782
0,71,2,22084
0,20,3,74037
1,28,1,97978
0,45,1,37828
1,41,2,147599
0,72,0,107452
0,36,2,41465
0,77,1,93105
0,30,0,91726
1,56,2,147680
0,68,1,29897
1,24,3,127325
0,74,2,65084
0,67,0,77934
0,58,4,107654
1,55,2,122618
1,26,3,134757
0,71,1,45769
1,20,4,117916
1,38,2,25383
0,21,2,39596
1,31,4,61240
0,61,0,40560
0,50,4,27068
1,43,2,88924
1,53,2,93773
1,33,4,143728
0,22,1,25878
1,59,3,89421
1,30,4,78829
1,30,2,106105
1,73,0,52394
1,33,2,106958
1,71,3,22802
0,71,0,26941
0,63,0,138792
1,46,3,23151
1,72,2,127161
0,51,4,23679
0,68,1,78476
0,52,1,63896
1,32,3,78501
1,28,3,124366
1,32,2,66583
1,73,3,61858
1,36,1,117156
1,44,1,97832
0,18,2,76910
1,21,3,84775
0,36,2,69085
1,26,2,38269
1,42,3,93508
1,39,1,113201
1,32,4,142282
0,26,1,36691
0,23,4,146087
0,63,2,54802
1,29,1,31878
0,77,0,29456
1,20,1,64626
1,61,0,102974
0,21,4,76526
1,29,1,106457
0,46,1,47055
1,21,3,97797
1,52,0,104353
1,80,3,138442
0,23,1,114832
0,79,5,32667
0,19,5,47822
0,72,4,56228
1,47,4,31856
1,67,0,120541
0,55,5,70878
1,40,2,136979
1,61,1,134403
0,47,3,116208
1,47,3,85625
0,51,4,38335
1,80,5,33549
1,76,3,21331
1,70,5,89109
1,32,1,55528
1,62,2,51444
0,56,3,82505
1,58,1,93621
1,21,4,129398
0,67,3,35971
1,33,3,56032
1,57,3,88705
0,38,1,70564
1,18,1,132382
0,49,5,61500
1,79,2,111855
1,19,5,124802
0,58,4,63062
0,58,4,83767
1,67,1,116725
1,19,2,98544
1,57,0,46741
1,78,3,131462
1,31,2,118565
1,73,5,122522
0,30,5,147542
1,55,1,82411
1,34,0,93881
0,62,5,74127
1,73,5,84024
1,43,5,148296
0,29,5,31771
1,64,2,103219
1,46,0,68221
1,66,3,143511
1,42,5,35369
1,54,2,33144
0,67,2,86568
0,70,3,87102
1,46,3,122048
0,27,4,42346
1,45,1,125430
1,63,3,142586
0,67,5,56612
0,72,1,70858
0,20,4,59963
0,78,5,95189
1,65,0,129778
1,26,1,141559
1,56,5,65930
1,46,0,61834
0,75,5,21993
1,22,2,104868
1,44,5,105281
0,20,3,147319
1,41,5,121645
1,57,5,68207
0,37,4,124584
0,69,1,72365
0,66,2,40032
1,31,2,116048
0,43,3,23982
0,74,4,69513
1,59,2,142387
0,57,5,117979
0,69,5,97997
0,79,2,41111
0,46,4,33590
1,21,0,94531
0,63,1,83049
1,35,5,125205
1,29,1,148028
1,39,4,73046
1,73,4,91169
1,35,2,98201
1,47,1,65075
1,60,5,93356
1,20,4,110622
0,58,1,65745
0,74,5,128957
1,52,1,143819
0,50,2,65879
1,25,1,94132
0,47,1,116799
0,66,2,87554
0,67,0,29185
0,66,4,136039
1,79,2,123736
0,19,2,45771
0,50,5,69513
1,66,0,85131
1,26,3,132917
0,63,3,92182
0,63,4,78689
1,20,4,52746
0,62,0,73616
0,51,5,46602
1,62,4,102722
0,29,3,48841
1,42,2,75116
1,57,2,71190
0,21,2,31099
1,57,4,107244
1,32,3,69333
0,70,4,118745
1,71,1,136548
0,31,5,59298
1,68,3,46801
0,62,3,74393
1,34,0,119500
1,66,2,85279
0,30,3,56919
0,18,5,36300
1,28,1,53655
0,30,0,39120
0,48,3,26059
1,78,2,106393
0,19,0,89871
1,58,3,121468
1,76,3,58798
1,78,2,90242
1,18,0,47042
1,63,3,119364
1,37,4,137009
0,21,4,61152
1,29,2,143415
1,60,0,92110
1,51,0,103313
1,41,4,93815
0,37,3,35120
1,48,5,68008
0,72,4,136273
1,64,3,89365
1,24,2,106571
1,66,2,126290
0,47,2,53085
1,52,0,121889
1,22,3,95929
1,76,0,111133
1,71,3,127346
1,29,1,145810
0,62,1,66077
0,27,2,79271
1,21,4,143055
1,59,1,58846
0,52,5,68086
1,76,3,56665
0,70,5,78035
0,70,3,124086
1,52,1,96699
1,64,1,106992
1,79,1,92893
1,23,3,77170
0,52,4,125909
0,53,1,99907
1,69,0,132270
1,33,3,96800
0,75,4,46804
1,34,4,37979
0,19,2,20250
1,42,2,82408
0,65,1,53913
1,39,4,39464
0,42,4,53768
1,76,4,68466
1,43,2,88558
1,67,5,78728
1,32,3,75993
1,,2,138615
1,,0,130717
1,,0,94700
1,,5,127262
0,,1,99241
0,62,5,122459
1,55,0,85189
1,58,0,29995
0,27,4,141377
1,66,4,149889
1,31,0,141810
1,23,1,92559
0,64,4,59955
0,42,5,76889
1,42,4,92474
0,71,1,109546
0,47,0,83172
1,43,0,119550
0,60,2,25135
0,52,5,137695
1,80,0,52887
